,flight_id,flight_no,scheduled_departure,scheduled_arrival,departure_airport,arrival_airport,status,actual_departure,actual_arrival,flight_time_min,arr_weekd,dep_weekd,arr_delay,dep_delay,aircraft_code,sold_qty,flight_cost_cond,fares_cond,fare_conditions,total_cost,distance
0,136961,PG0480,2016-12-21 09:25:00+00:00,2016-12-21 10:15:00+00:00,AAQ,EGO,Arrived,2016-12-21 09:27:00+00:00,2016-12-21 10:16:00+00:00,50,3.0,3.0,1,2,SU9,96,532200,84,Economy,759000,553060
1,136961,PG0480,2016-12-21 09:25:00+00:00,2016-12-21 10:15:00+00:00,AAQ,EGO,Arrived,2016-12-21 09:27:00+00:00,2016-12-21 10:16:00+00:00,50,3.0,3.0,1,2,SU9,96,226800,12,Business,759000,553060
2,136956,PG0480,2017-02-04 09:25:00+00:00,2017-02-04 10:15:00+00:00,AAQ,EGO,Arrived,2017-02-04 09:33:00+00:00,2017-02-04 10:23:00+00:00,50,6.0,6.0,8,8,SU9,96,538500,85,Economy,746400,553060
3,136956,PG0480,2017-02-04 09:25:00+00:00,2017-02-04 10:15:00+00:00,AAQ,EGO,Arrived,2017-02-04 09:33:00+00:00,2017-02-04 10:23:00+00:00,50,6.0,6.0,8,8,SU9,96,207900,11,Business,746400,553060
4,136953,PG0480,2017-02-27 09:25:00+00:00,2017-02-27 10:15:00+00:00,AAQ,EGO,Arrived,2017-02-27 09:27:00+00:00,2017-02-27 10:17:00+00:00,50,1.0,1.0,2,2,SU9,97,226800,12,Business,765300,553060
5,136953,PG0480,2017-02-27 09:25:00+00:00,2017-02-27 10:15:00+00:00,AAQ,EGO,Arrived,2017-02-27 09:27:00+00:00,2017-02-27 10:17:00+00:00,50,1.0,1.0,2,2,SU9,97,538500,85,Economy,765300,553060
6,136951,PG0480,2017-02-02 09:25:00+00:00,2017-02-02 10:15:00+00:00,AAQ,EGO,Arrived,2017-02-02 09:28:00+00:00,2017-02-02 10:17:00+00:00,50,4.0,4.0,2,3,SU9,90,493800,78,Economy,720600,553060
7,136951,PG0480,2017-02-02 09:25:00+00:00,2017-02-02 10:15:00+00:00,AAQ,EGO,Arrived,2017-02-02 09:28:00+00:00,2017-02-02 10:17:00+00:00,50,4.0,4.0,2,3,SU9,90,226800,12,Business,720600,553060
8,136943,PG0480,2016-12-05 09:25:00+00:00,2016-12-05 10:15:00+00:00,AAQ,EGO,Arrived,2016-12-05 09:28:00+00:00,2016-12-05 10:18:00+00:00,50,1.0,1.0,3,3,SU9,94,525900,83,Economy,733800,553060
9,136943,PG0480,2016-12-05 09:25:00+00:00,2016-12-05 10:15:00+00:00,AAQ,EGO,Arrived,2016-12-05 09:28:00+00:00,2016-12-05 10:18:00+00:00,50,1.0,1.0,3,3,SU9,94,207900,11,Business,733800,553060
10,136937,PG0480,2017-01-03 09:25:00+00:00,2017-01-03 10:15:00+00:00,AAQ,EGO,Arrived,2017-01-03 09:29:00+00:00,2017-01-03 10:19:00+00:00,50,2.0,2.0,4,4,SU9,81,456000,72,Economy,626100,553060
11,136937,PG0480,2017-01-03 09:25:00+00:00,2017-01-03 10:15:00+00:00,AAQ,EGO,Arrived,2017-01-03 09:29:00+00:00,2017-01-03 10:19:00+00:00,50,2.0,2.0,4,4,SU9,81,170100,9,Business,626100,553060
12,136936,PG0480,2017-01-02 09:25:00+00:00,2017-01-02 10:15:00+00:00,AAQ,EGO,Arrived,2017-01-02 09:28:00+00:00,2017-01-02 10:18:00+00:00,50,1.0,1.0,3,3,SU9,82,462300,73,Economy,632400,553060
13,136936,PG0480,2017-01-02 09:25:00+00:00,2017-01-02 10:15:00+00:00,AAQ,EGO,Arrived,2017-01-02 09:28:00+00:00,2017-01-02 10:18:00+00:00,50,1.0,1.0,3,3,SU9,82,170100,9,Business,632400,553060
14,136929,PG0480,2016-12-31 09:25:00+00:00,2016-12-31 10:15:00+00:00,AAQ,EGO,Arrived,2016-12-31 09:25:00+00:00,2016-12-31 10:15:00+00:00,50,6.0,6.0,0,0,SU9,82,461700,73,Economy,631800,553060
15,136929,PG0480,2016-12-31 09:25:00+00:00,2016-12-31 10:15:00+00:00,AAQ,EGO,Arrived,2016-12-31 09:25:00+00:00,2016-12-31 10:15:00+00:00,50,6.0,6.0,0,0,SU9,82,170100,9,Business,631800,553060
16,136927,PG0480,2017-01-22 09:25:00+00:00,2017-01-22 10:15:00+00:00,AAQ,EGO,Arrived,2017-01-22 09:28:00+00:00,2017-01-22 10:19:00+00:00,50,0.0,0.0,4,3,SU9,97,538500,85,Economy,765300,553060
17,136927,PG0480,2017-01-22 09:25:00+00:00,2017-01-22 10:15:00+00:00,AAQ,EGO,Arrived,2017-01-22 09:28:00+00:00,2017-01-22 10:19:00+00:00,50,0.0,0.0,4,3,SU9,97,226800,12,Business,765300,553060
18,136922,PG0480,2017-02-11 09:25:00+00:00,2017-02-11 10:15:00+00:00,AAQ,EGO,Arrived,2017-02-11 09:27:00+00:00,2017-02-11 10:17:00+00:00,50,6.0,6.0,2,2,SU9,76,418800,66,Economy,607800,553060
19,136922,PG0480,2017-02-11 09:25:00+00:00,2017-02-11 10:15:00+00:00,AAQ,EGO,Arrived,2017-02-11 09:27:00+00:00,2017-02-11 10:17:00+00:00,50,6.0,6.0,2,2,SU9,76,189000,10,Business,607800,553060
20,136913,PG0480,2016-12-10 09:25:00+00:00,2016-12-10 10:15:00+00:00,AAQ,EGO,Arrived,2016-12-10 09:30:00+00:00,2016-12-10 10:19:00+00:00,50,6.0,6.0,4,5,SU9,90,506400,80,Economy,695400,553060
21,136913,PG0480,2016-12-10 09:25:00+00:00,2016-12-10 10:15:00+00:00,AAQ,EGO,Arrived,2016-12-10 09:30:00+00:00,2016-12-10 10:19:00+00:00,50,6.0,6.0,4,5,SU9,90,189000,10,Business,695400,553060
22,136911,PG0480,2016-12-12 09:25:00+00:00,2016-12-12 10:15:00+00:00,AAQ,EGO,Arrived,2016-12-12 13:05:00+00:00,2016-12-12 13:55:00+00:00,50,1.0,1.0,220,220,SU9,87,487500,77,Economy,676500,553060
23,136911,PG0480,2016-12-12 09:25:00+00:00,2016-12-12 10:15:00+00:00,AAQ,EGO,Arrived,2016-12-12 13:05:00+00:00,2016-12-12 13:55:00+00:00,50,1.0,1.0,220,220,SU9,87,189000,10,Business,676500,553060
24,136907,PG0480,2017-01-16 09:25:00+00:00,2017-01-16 10:15:00+00:00,AAQ,EGO,Arrived,2017-01-16 09:31:00+00:00,2017-01-16 10:22:00+00:00,50,1.0,1.0,7,6,SU9,96,532200,84,Economy,759000,553060
25,136907,PG0480,2017-01-16 09:25:00+00:00,2017-01-16 10:15:00+00:00,AAQ,EGO,Arrived,2017-01-16 09:31:00+00:00,2017-01-16 10:22:00+00:00,50,1.0,1.0,7,6,SU9,96,226800,12,Business,759000,553060
26,136900,PG0480,2017-02-01 09:25:00+00:00,2017-02-01 10:15:00+00:00,AAQ,EGO,Arrived,2017-02-01 09:30:00+00:00,2017-02-01 10:21:00+00:00,50,3.0,3.0,6,5,SU9,97,226800,12,Business,765300,553060
27,136900,PG0480,2017-02-01 09:25:00+00:00,2017-02-01 10:15:00+00:00,AAQ,EGO,Arrived,2017-02-01 09:30:00+00:00,2017-02-01 10:21:00+00:00,50,3.0,3.0,6,5,SU9,97,538500,85,Economy,765300,553060
28,136888,PG0480,2017-02-14 09:25:00+00:00,2017-02-14 10:15:00+00:00,AAQ,EGO,Arrived,2017-02-14 09:29:00+00:00,2017-02-14 10:19:00+00:00,50,2.0,2.0,4,4,SU9,79,437100,69,Economy,626100,553060
29,136888,PG0480,2017-02-14 09:25:00+00:00,2017-02-14 10:15:00+00:00,AAQ,EGO,Arrived,2017-02-14 09:29:00+00:00,2017-02-14 10:19:00+00:00,50,2.0,2.0,4,4,SU9,79,189000,10,Business,626100,553060
30,136887,PG0480,2017-01-20 09:25:00+00:00,2017-01-20 10:15:00+00:00,AAQ,EGO,Arrived,2017-01-20 09:30:00+00:00,2017-01-20 10:19:00+00:00,50,5.0,5.0,4,5,SU9,78,444000,70,Economy,595200,553060
31,136887,PG0480,2017-01-20 09:25:00+00:00,2017-01-20 10:15:00+00:00,AAQ,EGO,Arrived,2017-01-20 09:30:00+00:00,2017-01-20 10:19:00+00:00,50,5.0,5.0,4,5,SU9,78,151200,8,Business,595200,553060
32,136886,PG0480,2016-12-16 09:25:00+00:00,2016-12-16 10:15:00+00:00,AAQ,EGO,Arrived,2016-12-16 09:26:00+00:00,2016-12-16 10:16:00+00:00,50,5.0,5.0,1,1,SU9,90,494400,78,Economy,721200,553060
33,136886,PG0480,2016-12-16 09:25:00+00:00,2016-12-16 10:15:00+00:00,AAQ,EGO,Arrived,2016-12-16 09:26:00+00:00,2016-12-16 10:16:00+00:00,50,5.0,5.0,1,1,SU9,90,226800,12,Business,721200,553060
34,136875,PG0480,2017-02-16 09:25:00+00:00,2017-02-16 10:15:00+00:00,AAQ,EGO,Arrived,2017-02-16 09:29:00+00:00,2017-02-16 10:19:00+00:00,50,4.0,4.0,4,4,SU9,97,538500,85,Economy,765300,553060
35,136875,PG0480,2017-02-16 09:25:00+00:00,2017-02-16 10:15:00+00:00,AAQ,EGO,Arrived,2017-02-16 09:29:00+00:00,2017-02-16 10:19:00+00:00,50,4.0,4.0,4,4,SU9,97,226800,12,Business,765300,553060
36,136873,PG0480,2016-12-03 09:25:00+00:00,2016-12-03 10:15:00+00:00,AAQ,EGO,Arrived,2016-12-03 09:26:00+00:00,2016-12-03 10:17:00+00:00,50,6.0,6.0,2,1,SU9,96,532200,84,Economy,759000,553060
37,136873,PG0480,2016-12-03 09:25:00+00:00,2016-12-03 10:15:00+00:00,AAQ,EGO,Arrived,2016-12-03 09:26:00+00:00,2016-12-03 10:17:00+00:00,50,6.0,6.0,2,1,SU9,96,226800,12,Business,759000,553060
38,136872,PG0480,2016-12-14 09:25:00+00:00,2016-12-14 10:15:00+00:00,AAQ,EGO,Arrived,2016-12-14 09:26:00+00:00,2016-12-14 10:16:00+00:00,50,3.0,3.0,1,1,SU9,97,538500,85,Economy,765300,553060
39,136872,PG0480,2016-12-14 09:25:00+00:00,2016-12-14 10:15:00+00:00,AAQ,EGO,Arrived,2016-12-14 09:26:00+00:00,2016-12-14 10:16:00+00:00,50,3.0,3.0,1,1,SU9,97,226800,12,Business,765300,553060
40,136871,PG0480,2017-01-13 09:25:00+00:00,2017-01-13 10:15:00+00:00,AAQ,EGO,Arrived,2017-01-13 09:28:00+00:00,2017-01-13 10:18:00+00:00,50,5.0,5.0,3,3,SU9,97,226800,12,Business,765300,553060
41,136871,PG0480,2017-01-13 09:25:00+00:00,2017-01-13 10:15:00+00:00,AAQ,EGO,Arrived,2017-01-13 09:28:00+00:00,2017-01-13 10:18:00+00:00,50,5.0,5.0,3,3,SU9,97,538500,85,Economy,765300,553060
42,136869,PG0480,2017-01-31 09:25:00+00:00,2017-01-31 10:15:00+00:00,AAQ,EGO,Arrived,2017-01-31 09:26:00+00:00,2017-01-31 10:16:00+00:00,50,2.0,2.0,1,1,SU9,97,226800,12,Business,765300,553060
43,136869,PG0480,2017-01-31 09:25:00+00:00,2017-01-31 10:15:00+00:00,AAQ,EGO,Arrived,2017-01-31 09:26:00+00:00,2017-01-31 10:16:00+00:00,50,2.0,2.0,1,1,SU9,97,538500,85,Economy,765300,553060
44,136866,PG0480,2016-12-28 09:25:00+00:00,2016-12-28 10:15:00+00:00,AAQ,EGO,Arrived,2016-12-28 09:28:00+00:00,2016-12-28 10:18:00+00:00,50,3.0,3.0,3,3,SU9,94,525900,83,Economy,733800,553060
45,136866,PG0480,2016-12-28 09:25:00+00:00,2016-12-28 10:15:00+00:00,AAQ,EGO,Arrived,2016-12-28 09:28:00+00:00,2016-12-28 10:18:00+00:00,50,3.0,3.0,3,3,SU9,94,207900,11,Business,733800,553060
46,136865,PG0480,2016-12-11 09:25:00+00:00,2016-12-11 10:15:00+00:00,AAQ,EGO,Arrived,2016-12-11 09:29:00+00:00,2016-12-11 10:19:00+00:00,50,0.0,0.0,4,4,SU9,88,487500,77,Economy,695400,553060
47,136865,PG0480,2016-12-11 09:25:00+00:00,2016-12-11 10:15:00+00:00,AAQ,EGO,Arrived,2016-12-11 09:29:00+00:00,2016-12-11 10:19:00+00:00,50,0.0,0.0,4,4,SU9,88,207900,11,Business,695400,553060
48,136861,PG0480,2017-02-12 09:25:00+00:00,2017-02-12 10:15:00+00:00,AAQ,EGO,Arrived,2017-02-12 09:28:00+00:00,2017-02-12 10:17:00+00:00,50,0.0,0.0,2,3,SU9,87,207900,11,Business,689100,553060
49,136861,PG0480,2017-02-12 09:25:00+00:00,2017-02-12 10:15:00+00:00,AAQ,EGO,Arrived,2017-02-12 09:28:00+00:00,2017-02-12 10:17:00+00:00,50,0.0,0.0,2,3,SU9,87,481200,76,Economy,689100,553060
50,136857,PG0480,2017-02-13 09:25:00+00:00,2017-02-13 10:15:00+00:00,AAQ,EGO,Arrived,2017-02-13 09:31:00+00:00,2017-02-13 10:21:00+00:00,50,1.0,1.0,6,6,SU9,97,538500,85,Economy,765300,553060
51,136857,PG0480,2017-02-13 09:25:00+00:00,2017-02-13 10:15:00+00:00,AAQ,EGO,Arrived,2017-02-13 09:31:00+00:00,2017-02-13 10:21:00+00:00,50,1.0,1.0,6,6,SU9,97,226800,12,Business,765300,553060
52,136855,PG0480,2017-01-11 09:25:00+00:00,2017-01-11 10:15:00+00:00,AAQ,EGO,Arrived,2017-01-11 12:07:00+00:00,2017-01-11 12:57:00+00:00,50,3.0,3.0,162,162,SU9,87,475500,75,Economy,702300,553060
53,136855,PG0480,2017-01-11 09:25:00+00:00,2017-01-11 10:15:00+00:00,AAQ,EGO,Arrived,2017-01-11 12:07:00+00:00,2017-01-11 12:57:00+00:00,50,3.0,3.0,162,162,SU9,87,226800,12,Business,702300,553060
54,136844,PG0480,2017-02-28 09:25:00+00:00,2017-02-28 10:15:00+00:00,AAQ,EGO,Arrived,2017-02-28 09:26:00+00:00,2017-02-28 10:16:00+00:00,50,2.0,2.0,1,1,SU9,79,461700,73,Economy,575100,553060
55,136844,PG0480,2017-02-28 09:25:00+00:00,2017-02-28 10:15:00+00:00,AAQ,EGO,Arrived,2017-02-28 09:26:00+00:00,2017-02-28 10:16:00+00:00,50,2.0,2.0,1,1,SU9,79,113400,6,Business,575100,553060
56,136843,PG0480,2016-12-04 09:25:00+00:00,2016-12-04 10:15:00+00:00,AAQ,EGO,Arrived,2016-12-04 09:30:00+00:00,2016-12-04 10:20:00+00:00,50,0.0,0.0,5,5,SU9,78,424500,67,Economy,632400,553060
57,136843,PG0480,2016-12-04 09:25:00+00:00,2016-12-04 10:15:00+00:00,AAQ,EGO,Arrived,2016-12-04 09:30:00+00:00,2016-12-04 10:20:00+00:00,50,0.0,0.0,5,5,SU9,78,207900,11,Business,632400,553060
58,136841,PG0480,2017-02-07 09:25:00+00:00,2017-02-07 10:15:00+00:00,AAQ,EGO,Arrived,2017-02-07 09:25:00+00:00,2017-02-07 10:16:00+00:00,50,2.0,2.0,1,0,SU9,97,538500,85,Economy,765300,553060
59,136841,PG0480,2017-02-07 09:25:00+00:00,2017-02-07 10:15:00+00:00,AAQ,EGO,Arrived,2017-02-07 09:25:00+00:00,2017-02-07 10:16:00+00:00,50,2.0,2.0,1,0,SU9,97,226800,12,Business,765300,553060
60,136838,PG0480,2017-01-24 09:25:00+00:00,2017-01-24 10:15:00+00:00,AAQ,EGO,Arrived,2017-01-24 09:30:00+00:00,2017-01-24 10:21:00+00:00,50,2.0,2.0,6,5,SU9,86,481200,76,Economy,670200,553060
61,136838,PG0480,2017-01-24 09:25:00+00:00,2017-01-24 10:15:00+00:00,AAQ,EGO,Arrived,2017-01-24 09:30:00+00:00,2017-01-24 10:21:00+00:00,50,2.0,2.0,6,5,SU9,86,189000,10,Business,670200,553060
62,136827,PG0480,2017-02-18 09:25:00+00:00,2017-02-18 10:15:00+00:00,AAQ,EGO,Arrived,2017-02-18 09:26:00+00:00,2017-02-18 10:17:00+00:00,50,6.0,6.0,2,1,SU9,97,538500,85,Economy,765300,553060
63,136827,PG0480,2017-02-18 09:25:00+00:00,2017-02-18 10:15:00+00:00,AAQ,EGO,Arrived,2017-02-18 09:26:00+00:00,2017-02-18 10:17:00+00:00,50,6.0,6.0,2,1,SU9,97,226800,12,Business,765300,553060
64,136823,PG0480,2017-02-05 09:25:00+00:00,2017-02-05 10:15:00+00:00,AAQ,EGO,Arrived,2017-02-05 09:27:00+00:00,2017-02-05 10:18:00+00:00,50,0.0,0.0,3,2,SU9,78,189000,10,Business,620400,553060
65,136823,PG0480,2017-02-05 09:25:00+00:00,2017-02-05 10:15:00+00:00,AAQ,EGO,Arrived,2017-02-05 09:27:00+00:00,2017-02-05 10:18:00+00:00,50,0.0,0.0,3,2,SU9,78,431400,68,Economy,620400,553060
66,136819,PG0480,2017-01-04 09:25:00+00:00,2017-01-04 10:15:00+00:00,AAQ,EGO,Arrived,2017-01-04 09:29:00+00:00,2017-01-04 10:19:00+00:00,50,3.0,3.0,4,4,SU9,96,532200,84,Economy,759000,553060
67,136819,PG0480,2017-01-04 09:25:00+00:00,2017-01-04 10:15:00+00:00,AAQ,EGO,Arrived,2017-01-04 09:29:00+00:00,2017-01-04 10:19:00+00:00,50,3.0,3.0,4,4,SU9,96,226800,12,Business,759000,553060
68,136815,PG0480,2017-02-19 09:25:00+00:00,2017-02-19 10:15:00+00:00,AAQ,EGO,Arrived,2017-02-19 09:26:00+00:00,2017-02-19 10:17:00+00:00,50,0.0,0.0,2,1,SU9,97,538500,85,Economy,765300,553060
69,136815,PG0480,2017-02-19 09:25:00+00:00,2017-02-19 10:15:00+00:00,AAQ,EGO,Arrived,2017-02-19 09:26:00+00:00,2017-02-19 10:17:00+00:00,50,0.0,0.0,2,1,SU9,97,226800,12,Business,765300,553060
70,136807,PG0480,2017-02-23 09:25:00+00:00,2017-02-23 10:15:00+00:00,AAQ,EGO,Arrived,2017-02-23 09:28:00+00:00,2017-02-23 10:18:00+00:00,50,4.0,4.0,3,3,SU9,68,151200,8,Business,531000,553060
71,136807,PG0480,2017-02-23 09:25:00+00:00,2017-02-23 10:15:00+00:00,AAQ,EGO,Arrived,2017-02-23 09:28:00+00:00,2017-02-23 10:18:00+00:00,50,4.0,4.0,3,3,SU9,68,379800,60,Economy,531000,553060
72,136805,PG0480,2016-12-07 09:25:00+00:00,2016-12-07 10:15:00+00:00,AAQ,EGO,Arrived,2016-12-07 09:28:00+00:00,2016-12-07 10:18:00+00:00,50,3.0,3.0,3,3,SU9,96,538500,85,Economy,746400,553060
73,136805,PG0480,2016-12-07 09:25:00+00:00,2016-12-07 10:15:00+00:00,AAQ,EGO,Arrived,2016-12-07 09:28:00+00:00,2016-12-07 10:18:00+00:00,50,3.0,3.0,3,3,SU9,96,207900,11,Business,746400,553060
74,136802,PG0480,2017-02-26 09:25:00+00:00,2017-02-26 10:15:00+00:00,AAQ,EGO,Arrived,2017-02-26 09:32:00+00:00,2017-02-26 10:22:00+00:00,50,0.0,0.0,7,7,SU9,96,538500,85,Economy,746400,553060
75,136802,PG0480,2017-02-26 09:25:00+00:00,2017-02-26 10:15:00+00:00,AAQ,EGO,Arrived,2017-02-26 09:32:00+00:00,2017-02-26 10:22:00+00:00,50,0.0,0.0,7,7,SU9,96,207900,11,Business,746400,553060
76,136801,PG0480,2016-12-30 09:25:00+00:00,2016-12-30 10:15:00+00:00,AAQ,EGO,Arrived,2016-12-30 09:28:00+00:00,2016-12-30 10:18:00+00:00,50,5.0,5.0,3,3,SU9,97,538500,85,Economy,765300,553060
77,136801,PG0480,2016-12-30 09:25:00+00:00,2016-12-30 10:15:00+00:00,AAQ,EGO,Arrived,2016-12-30 09:28:00+00:00,2016-12-30 10:18:00+00:00,50,5.0,5.0,3,3,SU9,97,226800,12,Business,765300,553060
78,136800,PG0480,2016-12-09 09:25:00+00:00,2016-12-09 10:15:00+00:00,AAQ,EGO,Arrived,2016-12-09 09:27:00+00:00,2016-12-09 10:18:00+00:00,50,5.0,5.0,3,2,SU9,82,456000,72,Economy,645000,553060
79,136800,PG0480,2016-12-09 09:25:00+00:00,2016-12-09 10:15:00+00:00,AAQ,EGO,Arrived,2016-12-09 09:27:00+00:00,2016-12-09 10:18:00+00:00,50,5.0,5.0,3,2,SU9,82,189000,10,Business,645000,553060
80,136793,PG0480,2016-12-06 09:25:00+00:00,2016-12-06 10:15:00+00:00,AAQ,EGO,Arrived,2016-12-06 09:31:00+00:00,2016-12-06 10:21:00+00:00,50,2.0,2.0,6,6,SU9,97,538500,85,Economy,765300,553060
81,136793,PG0480,2016-12-06 09:25:00+00:00,2016-12-06 10:15:00+00:00,AAQ,EGO,Arrived,2016-12-06 09:31:00+00:00,2016-12-06 10:21:00+00:00,50,2.0,2.0,6,6,SU9,97,226800,12,Business,765300,553060
82,136785,PG0480,2016-12-29 09:25:00+00:00,2016-12-29 10:15:00+00:00,AAQ,EGO,Arrived,2016-12-29 09:28:00+00:00,2016-12-29 10:19:00+00:00,50,4.0,4.0,4,3,SU9,97,538500,85,Economy,765300,553060
83,136785,PG0480,2016-12-29 09:25:00+00:00,2016-12-29 10:15:00+00:00,AAQ,EGO,Arrived,2016-12-29 09:28:00+00:00,2016-12-29 10:19:00+00:00,50,4.0,4.0,4,3,SU9,97,226800,12,Business,765300,553060
84,136781,PG0480,2017-01-14 09:25:00+00:00,2017-01-14 10:15:00+00:00,AAQ,EGO,Arrived,2017-01-14 09:26:00+00:00,2017-01-14 10:16:00+00:00,50,6.0,6.0,1,1,SU9,97,538500,85,Economy,765300,553060
85,136781,PG0480,2017-01-14 09:25:00+00:00,2017-01-14 10:15:00+00:00,AAQ,EGO,Arrived,2017-01-14 09:26:00+00:00,2017-01-14 10:16:00+00:00,50,6.0,6.0,1,1,SU9,97,226800,12,Business,765300,553060
86,136780,PG0480,2017-02-24 09:25:00+00:00,2017-02-24 10:15:00+00:00,AAQ,EGO,Arrived,2017-02-24 09:30:00+00:00,2017-02-24 10:20:00+00:00,50,5.0,5.0,5,5,SU9,89,488100,77,Economy,714900,553060
87,136780,PG0480,2017-02-24 09:25:00+00:00,2017-02-24 10:15:00+00:00,AAQ,EGO,Arrived,2017-02-24 09:30:00+00:00,2017-02-24 10:20:00+00:00,50,5.0,5.0,5,5,SU9,89,226800,12,Business,714900,553060
88,136778,PG0480,2017-02-22 09:25:00+00:00,2017-02-22 10:15:00+00:00,AAQ,EGO,Arrived,2017-02-22 09:26:00+00:00,2017-02-22 10:16:00+00:00,50,3.0,3.0,1,1,SU9,96,532200,84,Economy,759000,553060
89,136778,PG0480,2017-02-22 09:25:00+00:00,2017-02-22 10:15:00+00:00,AAQ,EGO,Arrived,2017-02-22 09:26:00+00:00,2017-02-22 10:16:00+00:00,50,3.0,3.0,1,1,SU9,96,226800,12,Business,759000,553060
90,136774,PG0480,2016-12-02 09:25:00+00:00,2016-12-02 10:15:00+00:00,AAQ,EGO,Arrived,2016-12-02 09:27:00+00:00,2016-12-02 10:17:00+00:00,50,5.0,5.0,2,2,SU9,93,513300,81,Economy,740100,553060
91,136774,PG0480,2016-12-02 09:25:00+00:00,2016-12-02 10:15:00+00:00,AAQ,EGO,Arrived,2016-12-02 09:27:00+00:00,2016-12-02 10:17:00+00:00,50,5.0,5.0,2,2,SU9,93,226800,12,Business,740100,553060
92,136771,PG0480,2016-12-17 09:25:00+00:00,2016-12-17 10:15:00+00:00,AAQ,EGO,Arrived,2016-12-17 09:26:00+00:00,2016-12-17 10:15:00+00:00,50,6.0,6.0,0,1,SU9,82,449100,71,Economy,657000,553060
93,136771,PG0480,2016-12-17 09:25:00+00:00,2016-12-17 10:15:00+00:00,AAQ,EGO,Arrived,2016-12-17 09:26:00+00:00,2016-12-17 10:15:00+00:00,50,6.0,6.0,0,1,SU9,82,207900,11,Business,657000,553060
94,136769,PG0480,2017-02-10 09:25:00+00:00,2017-02-10 10:15:00+00:00,AAQ,EGO,Arrived,2017-02-10 09:30:00+00:00,2017-02-10 10:21:00+00:00,50,5.0,5.0,6,5,SU9,88,207900,11,Business,696000,553060
95,136769,PG0480,2017-02-10 09:25:00+00:00,2017-02-10 10:15:00+00:00,AAQ,EGO,Arrived,2017-02-10 09:30:00+00:00,2017-02-10 10:21:00+00:00,50,5.0,5.0,6,5,SU9,88,488100,77,Economy,696000,553060
96,136768,PG0480,2016-12-08 09:25:00+00:00,2016-12-08 10:15:00+00:00,AAQ,EGO,Arrived,2016-12-08 09:27:00+00:00,2016-12-08 10:17:00+00:00,50,4.0,4.0,2,2,SU9,97,538500,85,Economy,765300,553060
97,136768,PG0480,2016-12-08 09:25:00+00:00,2016-12-08 10:15:00+00:00,AAQ,EGO,Arrived,2016-12-08 09:27:00+00:00,2016-12-08 10:17:00+00:00,50,4.0,4.0,2,2,SU9,97,226800,12,Business,765300,553060
98,136767,PG0480,2017-01-23 09:25:00+00:00,2017-01-23 10:15:00+00:00,AAQ,EGO,Arrived,2017-01-23 09:27:00+00:00,2017-01-23 10:18:00+00:00,50,1.0,1.0,3,2,SU9,83,462300,73,Economy,651300,553060
99,136767,PG0480,2017-01-23 09:25:00+00:00,2017-01-23 10:15:00+00:00,AAQ,EGO,Arrived,2017-01-23 09:27:00+00:00,2017-01-23 10:18:00+00:00,50,1.0,1.0,3,2,SU9,83,189000,10,Business,651300,553060
100,136758,PG0480,2017-01-12 09:25:00+00:00,2017-01-12 10:15:00+00:00,AAQ,EGO,Arrived,2017-01-12 09:26:00+00:00,2017-01-12 10:15:00+00:00,50,4.0,4.0,0,1,SU9,97,538500,85,Economy,765300,553060
101,136758,PG0480,2017-01-12 09:25:00+00:00,2017-01-12 10:15:00+00:00,AAQ,EGO,Arrived,2017-01-12 09:26:00+00:00,2017-01-12 10:15:00+00:00,50,4.0,4.0,0,1,SU9,97,226800,12,Business,765300,553060
102,136757,PG0480,2017-01-27 09:25:00+00:00,2017-01-27 10:15:00+00:00,AAQ,EGO,Arrived,2017-01-27 09:30:00+00:00,2017-01-27 10:19:00+00:00,50,5.0,5.0,4,5,SU9,97,538500,85,Economy,765300,553060
103,136757,PG0480,2017-01-27 09:25:00+00:00,2017-01-27 10:15:00+00:00,AAQ,EGO,Arrived,2017-01-27 09:30:00+00:00,2017-01-27 10:19:00+00:00,50,5.0,5.0,4,5,SU9,97,226800,12,Business,765300,553060
104,136755,PG0480,2017-01-21 09:25:00+00:00,2017-01-21 10:15:00+00:00,AAQ,EGO,Arrived,2017-01-21 09:30:00+00:00,2017-01-21 10:20:00+00:00,50,6.0,6.0,5,5,SU9,97,538500,85,Economy,765300,553060
105,136755,PG0480,2017-01-21 09:25:00+00:00,2017-01-21 10:15:00+00:00,AAQ,EGO,Arrived,2017-01-21 09:30:00+00:00,2017-01-21 10:20:00+00:00,50,6.0,6.0,5,5,SU9,97,226800,12,Business,765300,553060
106,136754,PG0480,2017-02-06 09:25:00+00:00,2017-02-06 10:15:00+00:00,AAQ,EGO,Arrived,2017-02-06 09:29:00+00:00,2017-02-06 10:18:00+00:00,50,1.0,1.0,3,4,SU9,90,494400,78,Economy,721200,553060
107,136754,PG0480,2017-02-06 09:25:00+00:00,2017-02-06 10:15:00+00:00,AAQ,EGO,Arrived,2017-02-06 09:29:00+00:00,2017-02-06 10:18:00+00:00,50,1.0,1.0,3,4,SU9,90,226800,12,Business,721200,553060
108,136742,PG0480,2016-12-18 09:25:00+00:00,2016-12-18 10:15:00+00:00,AAQ,EGO,Arrived,2016-12-18 09:27:00+00:00,2016-12-18 10:17:00+00:00,50,0.0,0.0,2,2,SU9,97,538500,85,Economy,765300,553060
109,136742,PG0480,2016-12-18 09:25:00+00:00,2016-12-18 10:15:00+00:00,AAQ,EGO,Arrived,2016-12-18 09:27:00+00:00,2016-12-18 10:17:00+00:00,50,0.0,0.0,2,2,SU9,97,226800,12,Business,765300,553060
110,136738,PG0480,2016-12-20 09:25:00+00:00,2016-12-20 10:15:00+00:00,AAQ,EGO,Arrived,2016-12-20 09:27:00+00:00,2016-12-20 10:16:00+00:00,50,2.0,2.0,1,2,SU9,87,481800,76,Economy,689700,553060
111,136738,PG0480,2016-12-20 09:25:00+00:00,2016-12-20 10:15:00+00:00,AAQ,EGO,Arrived,2016-12-20 09:27:00+00:00,2016-12-20 10:16:00+00:00,50,2.0,2.0,1,2,SU9,87,207900,11,Business,689700,553060
112,136733,PG0480,2017-01-09 09:25:00+00:00,2017-01-09 10:15:00+00:00,AAQ,EGO,Arrived,2017-01-09 09:27:00+00:00,2017-01-09 10:18:00+00:00,50,1.0,1.0,3,2,SU9,94,519600,82,Economy,746400,553060
113,136733,PG0480,2017-01-09 09:25:00+00:00,2017-01-09 10:15:00+00:00,AAQ,EGO,Arrived,2017-01-09 09:27:00+00:00,2017-01-09 10:18:00+00:00,50,1.0,1.0,3,2,SU9,94,226800,12,Business,746400,553060
114,136729,PG0480,2017-01-29 09:25:00+00:00,2017-01-29 10:15:00+00:00,AAQ,EGO,Arrived,2017-01-29 09:29:00+00:00,2017-01-29 10:19:00+00:00,50,0.0,0.0,4,4,SU9,88,487500,77,Economy,695400,553060
115,136729,PG0480,2017-01-29 09:25:00+00:00,2017-01-29 10:15:00+00:00,AAQ,EGO,Arrived,2017-01-29 09:29:00+00:00,2017-01-29 10:19:00+00:00,50,0.0,0.0,4,4,SU9,88,207900,11,Business,695400,553060
116,136725,PG0480,2016-12-19 09:25:00+00:00,2016-12-19 10:15:00+00:00,AAQ,EGO,Arrived,2016-12-19 09:30:00+00:00,2016-12-19 10:19:00+00:00,50,1.0,1.0,4,5,SU9,92,170100,9,Business,696000,553060
117,136725,PG0480,2016-12-19 09:25:00+00:00,2016-12-19 10:15:00+00:00,AAQ,EGO,Arrived,2016-12-19 09:30:00+00:00,2016-12-19 10:19:00+00:00,50,1.0,1.0,4,5,SU9,92,525900,83,Economy,696000,553060
118,136720,PG0480,2017-01-26 09:25:00+00:00,2017-01-26 10:15:00+00:00,AAQ,EGO,Arrived,2017-01-26 09:29:00+00:00,2017-01-26 10:19:00+00:00,50,4.0,4.0,4,4,SU9,95,525900,83,Economy,752700,553060
119,136720,PG0480,2017-01-26 09:25:00+00:00,2017-01-26 10:15:00+00:00,AAQ,EGO,Arrived,2017-01-26 09:29:00+00:00,2017-01-26 10:19:00+00:00,50,4.0,4.0,4,4,SU9,95,226800,12,Business,752700,553060
120,136709,PG0480,2017-01-15 09:25:00+00:00,2017-01-15 10:15:00+00:00,AAQ,EGO,Arrived,2017-01-15 09:28:00+00:00,2017-01-15 10:18:00+00:00,50,0.0,0.0,3,3,SU9,87,481800,76,Economy,689700,553060
121,136709,PG0480,2017-01-15 09:25:00+00:00,2017-01-15 10:15:00+00:00,AAQ,EGO,Arrived,2017-01-15 09:28:00+00:00,2017-01-15 10:18:00+00:00,50,0.0,0.0,3,3,SU9,87,207900,11,Business,689700,553060
122,136706,PG0480,2017-01-06 09:25:00+00:00,2017-01-06 10:15:00+00:00,AAQ,EGO,Arrived,2017-01-06 09:30:00+00:00,2017-01-06 10:20:00+00:00,50,5.0,5.0,5,5,SU9,95,532200,84,Economy,740100,553060
123,136706,PG0480,2017-01-06 09:25:00+00:00,2017-01-06 10:15:00+00:00,AAQ,EGO,Arrived,2017-01-06 09:30:00+00:00,2017-01-06 10:20:00+00:00,50,5.0,5.0,5,5,SU9,95,207900,11,Business,740100,553060
124,136702,PG0480,2016-12-23 09:25:00+00:00,2016-12-23 10:15:00+00:00,AAQ,EGO,Arrived,2016-12-23 09:26:00+00:00,2016-12-23 10:16:00+00:00,50,5.0,5.0,1,1,SU9,84,462900,73,Economy,670800,553060
125,136702,PG0480,2016-12-23 09:25:00+00:00,2016-12-23 10:15:00+00:00,AAQ,EGO,Arrived,2016-12-23 09:26:00+00:00,2016-12-23 10:16:00+00:00,50,5.0,5.0,1,1,SU9,84,207900,11,Business,670800,553060
126,136698,PG0480,2016-12-01 09:25:00+00:00,2016-12-01 10:15:00+00:00,AAQ,EGO,Arrived,2016-12-01 09:30:00+00:00,2016-12-01 10:19:00+00:00,50,4.0,4.0,4,5,SU9,94,519600,82,Economy,746400,553060
127,136698,PG0480,2016-12-01 09:25:00+00:00,2016-12-01 10:15:00+00:00,AAQ,EGO,Arrived,2016-12-01 09:30:00+00:00,2016-12-01 10:19:00+00:00,50,4.0,4.0,4,5,SU9,94,226800,12,Business,746400,553060
128,136691,PG0480,2016-12-13 09:25:00+00:00,2016-12-13 10:15:00+00:00,AAQ,EGO,Arrived,2016-12-13 09:25:00+00:00,2016-12-13 10:14:00+00:00,50,2.0,2.0,-1,0,SU9,87,481800,76,Economy,689700,553060
129,136691,PG0480,2016-12-13 09:25:00+00:00,2016-12-13 10:15:00+00:00,AAQ,EGO,Arrived,2016-12-13 09:25:00+00:00,2016-12-13 10:14:00+00:00,50,2.0,2.0,-1,0,SU9,87,207900,11,Business,689700,553060
130,136688,PG0480,2016-12-15 09:25:00+00:00,2016-12-15 10:15:00+00:00,AAQ,EGO,Arrived,2016-12-15 09:30:00+00:00,2016-12-15 10:20:00+00:00,50,4.0,4.0,5,5,SU9,89,189000,10,Business,689700,553060
131,136688,PG0480,2016-12-15 09:25:00+00:00,2016-12-15 10:15:00+00:00,AAQ,EGO,Arrived,2016-12-15 09:30:00+00:00,2016-12-15 10:20:00+00:00,50,4.0,4.0,5,5,SU9,89,500700,79,Economy,689700,553060
132,136680,PG0480,2016-12-26 09:25:00+00:00,2016-12-26 10:15:00+00:00,AAQ,EGO,Arrived,2016-12-26 09:34:00+00:00,2016-12-26 10:24:00+00:00,50,1.0,1.0,9,9,SU9,92,226800,12,Business,733800,553060
133,136680,PG0480,2016-12-26 09:25:00+00:00,2016-12-26 10:15:00+00:00,AAQ,EGO,Arrived,2016-12-26 09:34:00+00:00,2016-12-26 10:24:00+00:00,50,1.0,1.0,9,9,SU9,92,507000,80,Economy,733800,553060
134,136678,PG0480,2017-01-28 09:25:00+00:00,2017-01-28 10:15:00+00:00,AAQ,EGO,Arrived,2017-01-28 09:27:00+00:00,2017-01-28 10:17:00+00:00,50,6.0,6.0,2,2,SU9,80,442200,70,Economy,631200,553060
135,136678,PG0480,2017-01-28 09:25:00+00:00,2017-01-28 10:15:00+00:00,AAQ,EGO,Arrived,2017-01-28 09:27:00+00:00,2017-01-28 10:17:00+00:00,50,6.0,6.0,2,2,SU9,80,189000,10,Business,631200,553060
136,136672,PG0480,2017-02-03 09:25:00+00:00,2017-02-03 10:15:00+00:00,AAQ,EGO,Arrived,2017-02-03 09:28:00+00:00,2017-02-03 10:18:00+00:00,50,5.0,5.0,3,3,SU9,96,532200,84,Economy,759000,553060
137,136672,PG0480,2017-02-03 09:25:00+00:00,2017-02-03 10:15:00+00:00,AAQ,EGO,Arrived,2017-02-03 09:28:00+00:00,2017-02-03 10:18:00+00:00,50,5.0,5.0,3,3,SU9,96,226800,12,Business,759000,553060
138,136669,PG0480,2017-01-17 09:25:00+00:00,2017-01-17 10:15:00+00:00,AAQ,EGO,Arrived,2017-01-17 09:26:00+00:00,2017-01-17 10:17:00+00:00,50,2.0,2.0,2,1,SU9,95,226800,12,Business,752700,553060
139,136669,PG0480,2017-01-17 09:25:00+00:00,2017-01-17 10:15:00+00:00,AAQ,EGO,Arrived,2017-01-17 09:26:00+00:00,2017-01-17 10:17:00+00:00,50,2.0,2.0,2,1,SU9,95,525900,83,Economy,752700,553060
140,136666,PG0480,2017-02-09 09:25:00+00:00,2017-02-09 10:15:00+00:00,AAQ,EGO,Arrived,2017-02-09 09:26:00+00:00,2017-02-09 10:16:00+00:00,50,4.0,4.0,1,1,SU9,87,494400,78,Economy,664500,553060
141,136666,PG0480,2017-02-09 09:25:00+00:00,2017-02-09 10:15:00+00:00,AAQ,EGO,Arrived,2017-02-09 09:26:00+00:00,2017-02-09 10:16:00+00:00,50,4.0,4.0,1,1,SU9,87,170100,9,Business,664500,553060
142,136661,PG0480,2017-01-01 09:25:00+00:00,2017-01-01 10:15:00+00:00,AAQ,EGO,Arrived,2017-01-01 09:27:00+00:00,2017-01-01 10:17:00+00:00,50,0.0,0.0,2,2,SU9,96,532200,84,Economy,759000,553060
143,136661,PG0480,2017-01-01 09:25:00+00:00,2017-01-01 10:15:00+00:00,AAQ,EGO,Arrived,2017-01-01 09:27:00+00:00,2017-01-01 10:17:00+00:00,50,0.0,0.0,2,2,SU9,96,226800,12,Business,759000,553060
144,136660,PG0480,2017-02-20 09:25:00+00:00,2017-02-20 10:15:00+00:00,AAQ,EGO,Arrived,2017-02-20 09:26:00+00:00,2017-02-20 10:15:00+00:00,50,1.0,1.0,0,1,SU9,87,488100,77,Economy,677100,553060
145,136660,PG0480,2017-02-20 09:25:00+00:00,2017-02-20 10:15:00+00:00,AAQ,EGO,Arrived,2017-02-20 09:26:00+00:00,2017-02-20 10:15:00+00:00,50,1.0,1.0,0,1,SU9,87,189000,10,Business,677100,553060
146,136654,PG0480,2017-01-19 09:25:00+00:00,2017-01-19 10:15:00+00:00,AAQ,EGO,Arrived,2017-01-19 09:28:00+00:00,2017-01-19 10:17:00+00:00,50,4.0,4.0,2,3,SU9,96,532200,84,Economy,759000,553060
147,136654,PG0480,2017-01-19 09:25:00+00:00,2017-01-19 10:15:00+00:00,AAQ,EGO,Arrived,2017-01-19 09:28:00+00:00,2017-01-19 10:17:00+00:00,50,4.0,4.0,2,3,SU9,96,226800,12,Business,759000,553060
148,136653,PG0480,2016-12-24 09:25:00+00:00,2016-12-24 10:15:00+00:00,AAQ,EGO,Arrived,2016-12-24 09:27:00+00:00,2016-12-24 10:17:00+00:00,50,6.0,6.0,2,2,SU9,89,493800,78,Economy,701700,553060
149,136653,PG0480,2016-12-24 09:25:00+00:00,2016-12-24 10:15:00+00:00,AAQ,EGO,Arrived,2016-12-24 09:27:00+00:00,2016-12-24 10:17:00+00:00,50,6.0,6.0,2,2,SU9,89,207900,11,Business,701700,553060
150,136649,PG0480,2017-01-18 09:25:00+00:00,2017-01-18 10:15:00+00:00,AAQ,EGO,Arrived,2017-01-18 09:25:00+00:00,2017-01-18 10:15:00+00:00,50,3.0,3.0,0,0,SU9,96,532200,84,Economy,759000,553060
151,136649,PG0480,2017-01-18 09:25:00+00:00,2017-01-18 10:15:00+00:00,AAQ,EGO,Arrived,2017-01-18 09:25:00+00:00,2017-01-18 10:15:00+00:00,50,3.0,3.0,0,0,SU9,96,226800,12,Business,759000,553060
152,136645,PG0480,2017-01-05 09:25:00+00:00,2017-01-05 10:15:00+00:00,AAQ,EGO,Arrived,2017-01-05 09:29:00+00:00,2017-01-05 10:20:00+00:00,50,4.0,4.0,5,4,SU9,82,462900,73,Economy,633000,553060
153,136645,PG0480,2017-01-05 09:25:00+00:00,2017-01-05 10:15:00+00:00,AAQ,EGO,Arrived,2017-01-05 09:29:00+00:00,2017-01-05 10:20:00+00:00,50,4.0,4.0,5,4,SU9,82,170100,9,Business,633000,553060
154,136642,PG0480,2017-01-30 09:25:00+00:00,2017-01-30 10:15:00+00:00,AAQ,EGO,Arrived,2017-01-30 09:28:00+00:00,2017-01-30 10:17:00+00:00,50,1.0,1.0,2,3,SU9,64,189000,10,Business,531000,553060
155,136642,PG0480,2017-01-30 09:25:00+00:00,2017-01-30 10:15:00+00:00,AAQ,EGO,Arrived,2017-01-30 09:28:00+00:00,2017-01-30 10:17:00+00:00,50,1.0,1.0,2,3,SU9,64,342000,54,Economy,531000,553060
156,136632,PG0480,2017-01-07 09:25:00+00:00,2017-01-07 10:15:00+00:00,AAQ,EGO,Arrived,2017-01-07 12:42:00+00:00,2017-01-07 13:33:00+00:00,50,6.0,6.0,198,197,SU9,91,506400,80,Economy,714300,553060
157,136632,PG0480,2017-01-07 09:25:00+00:00,2017-01-07 10:15:00+00:00,AAQ,EGO,Arrived,2017-01-07 12:42:00+00:00,2017-01-07 13:33:00+00:00,50,6.0,6.0,198,197,SU9,91,207900,11,Business,714300,553060
158,136631,PG0480,2016-12-22 09:25:00+00:00,2016-12-22 10:15:00+00:00,AAQ,EGO,Arrived,2016-12-22 09:26:00+00:00,2016-12-22 10:16:00+00:00,50,4.0,4.0,1,1,SU9,90,494400,78,Economy,721200,553060
159,136631,PG0480,2016-12-22 09:25:00+00:00,2016-12-22 10:15:00+00:00,AAQ,EGO,Arrived,2016-12-22 09:26:00+00:00,2016-12-22 10:16:00+00:00,50,4.0,4.0,1,1,SU9,90,226800,12,Business,721200,553060
160,136630,PG0480,2017-02-25 09:25:00+00:00,2017-02-25 10:15:00+00:00,AAQ,EGO,Arrived,2017-02-25 09:32:00+00:00,2017-02-25 10:22:00+00:00,50,6.0,6.0,7,7,SU9,94,226800,12,Business,746400,553060
161,136630,PG0480,2017-02-25 09:25:00+00:00,2017-02-25 10:15:00+00:00,AAQ,EGO,Arrived,2017-02-25 09:32:00+00:00,2017-02-25 10:22:00+00:00,50,6.0,6.0,7,7,SU9,94,519600,82,Economy,746400,553060
162,136620,PG0480,2017-02-17 09:25:00+00:00,2017-02-17 10:15:00+00:00,AAQ,EGO,Arrived,2017-02-17 09:30:00+00:00,2017-02-17 10:19:00+00:00,50,5.0,5.0,4,5,SU9,79,443400,70,Economy,613500,553060
163,136620,PG0480,2017-02-17 09:25:00+00:00,2017-02-17 10:15:00+00:00,AAQ,EGO,Arrived,2017-02-17 09:30:00+00:00,2017-02-17 10:19:00+00:00,50,5.0,5.0,4,5,SU9,79,170100,9,Business,613500,553060
164,136617,PG0480,2016-12-27 09:25:00+00:00,2016-12-27 10:15:00+00:00,AAQ,EGO,Arrived,2016-12-27 09:26:00+00:00,2016-12-27 10:16:00+00:00,50,2.0,2.0,1,1,SU9,97,538500,85,Economy,765300,553060
165,136617,PG0480,2016-12-27 09:25:00+00:00,2016-12-27 10:15:00+00:00,AAQ,EGO,Arrived,2016-12-27 09:26:00+00:00,2016-12-27 10:16:00+00:00,50,2.0,2.0,1,1,SU9,97,226800,12,Business,765300,553060
166,136612,PG0480,2017-02-21 09:25:00+00:00,2017-02-21 10:15:00+00:00,AAQ,EGO,Arrived,2017-02-21 09:27:00+00:00,2017-02-21 10:17:00+00:00,50,2.0,2.0,2,2,SU9,94,519600,82,Economy,746400,553060
167,136612,PG0480,2017-02-21 09:25:00+00:00,2017-02-21 10:15:00+00:00,AAQ,EGO,Arrived,2017-02-21 09:27:00+00:00,2017-02-21 10:17:00+00:00,50,2.0,2.0,2,2,SU9,94,226800,12,Business,746400,553060
168,136609,PG0480,2017-01-08 09:25:00+00:00,2017-01-08 10:15:00+00:00,AAQ,EGO,Arrived,2017-01-08 09:28:00+00:00,2017-01-08 10:18:00+00:00,50,0.0,0.0,3,3,SU9,81,450300,71,Economy,639300,553060
169,136609,PG0480,2017-01-08 09:25:00+00:00,2017-01-08 10:15:00+00:00,AAQ,EGO,Arrived,2017-01-08 09:28:00+00:00,2017-01-08 10:18:00+00:00,50,0.0,0.0,3,3,SU9,81,189000,10,Business,639300,553060
170,136605,PG0480,2017-02-15 09:25:00+00:00,2017-02-15 10:15:00+00:00,AAQ,EGO,Arrived,2017-02-15 09:28:00+00:00,2017-02-15 10:19:00+00:00,50,3.0,3.0,4,3,SU9,97,538500,85,Economy,765300,553060
171,136605,PG0480,2017-02-15 09:25:00+00:00,2017-02-15 10:15:00+00:00,AAQ,EGO,Arrived,2017-02-15 09:28:00+00:00,2017-02-15 10:19:00+00:00,50,3.0,3.0,4,3,SU9,97,226800,12,Business,765300,553060
172,136600,PG0480,2017-02-08 09:25:00+00:00,2017-02-08 10:15:00+00:00,AAQ,EGO,Arrived,2017-02-08 09:26:00+00:00,2017-02-08 10:16:00+00:00,50,3.0,3.0,1,1,SU9,97,538500,85,Economy,765300,553060
173,136600,PG0480,2017-02-08 09:25:00+00:00,2017-02-08 10:15:00+00:00,AAQ,EGO,Arrived,2017-02-08 09:26:00+00:00,2017-02-08 10:16:00+00:00,50,3.0,3.0,1,1,SU9,97,226800,12,Business,765300,553060
174,136592,PG0480,2016-12-25 09:25:00+00:00,2016-12-25 10:15:00+00:00,AAQ,EGO,Arrived,2016-12-25 09:28:00+00:00,2016-12-25 10:18:00+00:00,50,0.0,0.0,3,3,SU9,89,507000,80,Economy,677100,553060
175,136592,PG0480,2016-12-25 09:25:00+00:00,2016-12-25 10:15:00+00:00,AAQ,EGO,Arrived,2016-12-25 09:28:00+00:00,2016-12-25 10:18:00+00:00,50,0.0,0.0,3,3,SU9,89,170100,9,Business,677100,553060
176,136586,PG0480,2017-01-10 09:25:00+00:00,2017-01-10 10:15:00+00:00,AAQ,EGO,Arrived,2017-01-10 09:28:00+00:00,2017-01-10 10:18:00+00:00,50,2.0,2.0,3,3,SU9,96,226800,12,Business,759000,553060
177,136586,PG0480,2017-01-10 09:25:00+00:00,2017-01-10 10:15:00+00:00,AAQ,EGO,Arrived,2017-01-10 09:28:00+00:00,2017-01-10 10:18:00+00:00,50,2.0,2.0,3,3,SU9,96,532200,84,Economy,759000,553060
178,136571,PG0480,2017-01-25 09:25:00+00:00,2017-01-25 10:15:00+00:00,AAQ,EGO,Arrived,2017-01-25 09:28:00+00:00,2017-01-25 10:18:00+00:00,50,3.0,3.0,3,3,SU9,95,226800,12,Business,752700,553060
179,136571,PG0480,2017-01-25 09:25:00+00:00,2017-01-25 10:15:00+00:00,AAQ,EGO,Arrived,2017-01-25 09:28:00+00:00,2017-01-25 10:18:00+00:00,50,3.0,3.0,3,3,SU9,95,525900,83,Economy,752700,553060
180,136492,PG0252,2016-12-23 10:05:00+00:00,2016-12-23 11:45:00+00:00,AAQ,SVO,Arrived,2016-12-23 10:08:00+00:00,2016-12-23 11:48:00+00:00,100,5.0,5.0,3,3,733,118,1324800,108,Economy,1690800,1220340
181,136492,PG0252,2016-12-23 10:05:00+00:00,2016-12-23 11:45:00+00:00,AAQ,SVO,Arrived,2016-12-23 10:08:00+00:00,2016-12-23 11:48:00+00:00,100,5.0,5.0,3,3,733,118,366000,10,Business,1690800,1220340
182,136491,PG0252,2016-12-08 10:05:00+00:00,2016-12-08 11:45:00+00:00,AAQ,SVO,Arrived,2016-12-08 10:08:00+00:00,2016-12-08 11:49:00+00:00,100,4.0,4.0,4,3,733,103,1139400,93,Economy,1505400,1220340
183,136491,PG0252,2016-12-08 10:05:00+00:00,2016-12-08 11:45:00+00:00,AAQ,SVO,Arrived,2016-12-08 10:08:00+00:00,2016-12-08 11:49:00+00:00,100,4.0,4.0,4,3,733,103,366000,10,Business,1505400,1220340
184,136486,PG0252,2017-02-02 10:05:00+00:00,2017-02-02 11:45:00+00:00,AAQ,SVO,Arrived,2017-02-02 10:07:00+00:00,2017-02-02 11:48:00+00:00,100,4.0,4.0,3,2,733,107,292800,8,Business,1505400,1220340
185,136486,PG0252,2017-02-02 10:05:00+00:00,2017-02-02 11:45:00+00:00,AAQ,SVO,Arrived,2017-02-02 10:07:00+00:00,2017-02-02 11:48:00+00:00,100,4.0,4.0,3,2,733,107,1212600,99,Economy,1505400,1220340
186,136485,PG0252,2017-01-27 10:05:00+00:00,2017-01-27 11:45:00+00:00,AAQ,SVO,Arrived,2017-01-27 10:07:00+00:00,2017-01-27 11:47:00+00:00,100,5.0,5.0,2,2,733,106,1190600,97,Economy,1520000,1220340
187,136485,PG0252,2017-01-27 10:05:00+00:00,2017-01-27 11:45:00+00:00,AAQ,SVO,Arrived,2017-01-27 10:07:00+00:00,2017-01-27 11:47:00+00:00,100,5.0,5.0,2,2,733,106,329400,9,Business,1520000,1220340
188,136479,PG0252,2017-02-21 10:05:00+00:00,2017-02-21 11:45:00+00:00,AAQ,SVO,Arrived,2017-02-21 10:08:00+00:00,2017-02-21 11:47:00+00:00,100,2.0,2.0,2,3,733,122,1372400,112,Economy,1738400,1220340
189,136479,PG0252,2017-02-21 10:05:00+00:00,2017-02-21 11:45:00+00:00,AAQ,SVO,Arrived,2017-02-21 10:08:00+00:00,2017-02-21 11:47:00+00:00,100,2.0,2.0,2,3,733,122,366000,10,Business,1738400,1220340
190,136474,PG0252,2016-12-02 10:05:00+00:00,2016-12-02 11:45:00+00:00,AAQ,SVO,Arrived,2016-12-02 10:06:00+00:00,2016-12-02 11:44:00+00:00,100,5.0,5.0,-1,1,733,130,1446800,118,Economy,1886000,1220340
191,136474,PG0252,2016-12-02 10:05:00+00:00,2016-12-02 11:45:00+00:00,AAQ,SVO,Arrived,2016-12-02 10:06:00+00:00,2016-12-02 11:44:00+00:00,100,5.0,5.0,-1,1,733,130,439200,12,Business,1886000,1220340
192,136471,PG0252,2017-01-17 10:05:00+00:00,2017-01-17 11:45:00+00:00,AAQ,SVO,Arrived,2017-01-17 10:11:00+00:00,2017-01-17 11:51:00+00:00,100,2.0,2.0,6,6,733,120,1323600,108,Economy,1762800,1220340
193,136471,PG0252,2017-01-17 10:05:00+00:00,2017-01-17 11:45:00+00:00,AAQ,SVO,Arrived,2017-01-17 10:11:00+00:00,2017-01-17 11:51:00+00:00,100,2.0,2.0,6,6,733,120,439200,12,Business,1762800,1220340
194,136465,PG0252,2016-12-15 10:05:00+00:00,2016-12-15 11:45:00+00:00,AAQ,SVO,Arrived,2016-12-15 10:05:00+00:00,2016-12-15 11:47:00+00:00,100,4.0,4.0,2,0,733,130,1446800,118,Economy,1886000,1220340
195,136465,PG0252,2016-12-15 10:05:00+00:00,2016-12-15 11:45:00+00:00,AAQ,SVO,Arrived,2016-12-15 10:05:00+00:00,2016-12-15 11:47:00+00:00,100,4.0,4.0,2,0,733,130,439200,12,Business,1886000,1220340
196,136464,PG0252,2017-01-09 10:05:00+00:00,2017-01-09 11:45:00+00:00,AAQ,SVO,Arrived,2017-01-09 10:07:00+00:00,2017-01-09 11:47:00+00:00,100,1.0,1.0,2,2,733,100,1141800,93,Economy,1398000,1220340
197,136464,PG0252,2017-01-09 10:05:00+00:00,2017-01-09 11:45:00+00:00,AAQ,SVO,Arrived,2017-01-09 10:07:00+00:00,2017-01-09 11:47:00+00:00,100,1.0,1.0,2,2,733,100,256200,7,Business,1398000,1220340
198,136463,PG0252,2017-01-20 10:05:00+00:00,2017-01-20 11:45:00+00:00,AAQ,SVO,Arrived,2017-01-20 10:06:00+00:00,2017-01-20 11:45:00+00:00,100,5.0,5.0,0,1,733,122,1349200,110,Economy,1788400,1220340
199,136463,PG0252,2017-01-20 10:05:00+00:00,2017-01-20 11:45:00+00:00,AAQ,SVO,Arrived,2017-01-20 10:06:00+00:00,2017-01-20 11:45:00+00:00,100,5.0,5.0,0,1,733,122,439200,12,Business,1788400,1220340
200,136458,PG0252,2017-01-02 10:05:00+00:00,2017-01-02 11:45:00+00:00,AAQ,SVO,Arrived,2017-01-02 10:07:00+00:00,2017-01-02 11:46:00+00:00,100,1.0,1.0,1,2,733,110,1239400,101,Economy,1568800,1220340
201,136458,PG0252,2017-01-02 10:05:00+00:00,2017-01-02 11:45:00+00:00,AAQ,SVO,Arrived,2017-01-02 10:07:00+00:00,2017-01-02 11:46:00+00:00,100,1.0,1.0,1,2,733,110,329400,9,Business,1568800,1220340
202,136452,PG0252,2017-02-17 10:05:00+00:00,2017-02-17 11:45:00+00:00,AAQ,SVO,Arrived,2017-02-17 10:08:00+00:00,2017-02-17 11:48:00+00:00,100,5.0,5.0,3,3,733,109,1200400,98,Economy,1603000,1220340
203,136452,PG0252,2017-02-17 10:05:00+00:00,2017-02-17 11:45:00+00:00,AAQ,SVO,Arrived,2017-02-17 10:08:00+00:00,2017-02-17 11:48:00+00:00,100,5.0,5.0,3,3,733,109,402600,11,Business,1603000,1220340
204,136450,PG0252,2016-12-06 10:05:00+00:00,2016-12-06 11:45:00+00:00,AAQ,SVO,Arrived,2016-12-06 10:06:00+00:00,2016-12-06 11:48:00+00:00,100,2.0,2.0,3,1,733,107,1188200,97,Economy,1554200,1220340
205,136450,PG0252,2016-12-06 10:05:00+00:00,2016-12-06 11:45:00+00:00,AAQ,SVO,Arrived,2016-12-06 10:06:00+00:00,2016-12-06 11:48:00+00:00,100,2.0,2.0,3,1,733,107,366000,10,Business,1554200,1220340
206,136447,PG0252,2016-12-11 10:05:00+00:00,2016-12-11 11:45:00+00:00,AAQ,SVO,Arrived,2016-12-11 10:07:00+00:00,2016-12-11 11:47:00+00:00,100,0.0,0.0,2,2,733,116,329400,9,Business,1642000,1220340
207,136447,PG0252,2016-12-11 10:05:00+00:00,2016-12-11 11:45:00+00:00,AAQ,SVO,Arrived,2016-12-11 10:07:00+00:00,2016-12-11 11:47:00+00:00,100,0.0,0.0,2,2,733,116,1312600,107,Economy,1642000,1220340
208,136441,PG0252,2017-02-03 10:05:00+00:00,2017-02-03 11:45:00+00:00,AAQ,SVO,Arrived,2017-02-03 10:07:00+00:00,2017-02-03 11:47:00+00:00,100,5.0,5.0,2,2,733,128,1434600,117,Economy,1837200,1220340
209,136441,PG0252,2017-02-03 10:05:00+00:00,2017-02-03 11:45:00+00:00,AAQ,SVO,Arrived,2017-02-03 10:07:00+00:00,2017-02-03 11:47:00+00:00,100,5.0,5.0,2,2,733,128,402600,11,Business,1837200,1220340
210,136439,PG0252,2017-02-25 10:05:00+00:00,2017-02-25 11:45:00+00:00,AAQ,SVO,Arrived,2017-02-25 10:08:00+00:00,2017-02-25 11:48:00+00:00,100,6.0,6.0,3,3,733,117,1299200,106,Economy,1701800,1220340
211,136439,PG0252,2017-02-25 10:05:00+00:00,2017-02-25 11:45:00+00:00,AAQ,SVO,Arrived,2017-02-25 10:08:00+00:00,2017-02-25 11:48:00+00:00,100,6.0,6.0,3,3,733,117,402600,11,Business,1701800,1220340
212,136436,PG0252,2017-01-26 10:05:00+00:00,2017-01-26 11:45:00+00:00,AAQ,SVO,Arrived,2017-01-26 10:08:00+00:00,2017-01-26 11:47:00+00:00,100,4.0,4.0,2,3,733,124,1372400,112,Economy,1811600,1220340
213,136436,PG0252,2017-01-26 10:05:00+00:00,2017-01-26 11:45:00+00:00,AAQ,SVO,Arrived,2017-01-26 10:08:00+00:00,2017-01-26 11:47:00+00:00,100,4.0,4.0,2,3,733,124,439200,12,Business,1811600,1220340
214,136428,PG0252,2017-01-21 10:05:00+00:00,2017-01-21 11:45:00+00:00,AAQ,SVO,Arrived,2017-01-21 10:08:00+00:00,2017-01-21 11:47:00+00:00,100,6.0,6.0,2,3,733,115,1276000,104,Economy,1678600,1220340
215,136428,PG0252,2017-01-21 10:05:00+00:00,2017-01-21 11:45:00+00:00,AAQ,SVO,Arrived,2017-01-21 10:08:00+00:00,2017-01-21 11:47:00+00:00,100,6.0,6.0,2,3,733,115,402600,11,Business,1678600,1220340
216,136423,PG0252,2017-01-10 10:05:00+00:00,2017-01-10 11:45:00+00:00,AAQ,SVO,Arrived,2017-01-10 10:12:00+00:00,2017-01-10 11:52:00+00:00,100,2.0,2.0,7,7,733,129,1446800,118,Economy,1849400,1220340
217,136423,PG0252,2017-01-10 10:05:00+00:00,2017-01-10 11:45:00+00:00,AAQ,SVO,Arrived,2017-01-10 10:12:00+00:00,2017-01-10 11:52:00+00:00,100,2.0,2.0,7,7,733,129,402600,11,Business,1849400,1220340
218,136420,PG0252,2017-01-01 10:05:00+00:00,2017-01-01 11:45:00+00:00,AAQ,SVO,Arrived,2017-01-01 10:09:00+00:00,2017-01-01 11:47:00+00:00,100,0.0,0.0,2,4,733,104,1139400,93,Economy,1542000,1220340
219,136420,PG0252,2017-01-01 10:05:00+00:00,2017-01-01 11:45:00+00:00,AAQ,SVO,Arrived,2017-01-01 10:09:00+00:00,2017-01-01 11:47:00+00:00,100,0.0,0.0,2,4,733,104,402600,11,Business,1542000,1220340
220,136418,PG0252,2016-12-07 10:05:00+00:00,2016-12-07 11:45:00+00:00,AAQ,SVO,Arrived,2016-12-07 10:07:00+00:00,2016-12-07 11:47:00+00:00,100,3.0,3.0,2,2,733,97,329400,9,Business,1407800,1220340
221,136418,PG0252,2016-12-07 10:05:00+00:00,2016-12-07 11:45:00+00:00,AAQ,SVO,Arrived,2016-12-07 10:07:00+00:00,2016-12-07 11:47:00+00:00,100,3.0,3.0,2,2,733,97,1078400,88,Economy,1407800,1220340
222,136411,PG0252,2017-02-04 10:05:00+00:00,2017-02-04 11:45:00+00:00,AAQ,SVO,Arrived,2017-02-04 10:06:00+00:00,2017-02-04 11:46:00+00:00,100,6.0,6.0,1,1,733,110,366000,10,Business,1590800,1220340
223,136411,PG0252,2017-02-04 10:05:00+00:00,2017-02-04 11:45:00+00:00,AAQ,SVO,Arrived,2017-02-04 10:06:00+00:00,2017-02-04 11:46:00+00:00,100,6.0,6.0,1,1,733,110,1224800,100,Economy,1590800,1220340
224,136403,PG0252,2017-02-20 10:05:00+00:00,2017-02-20 11:45:00+00:00,AAQ,SVO,Arrived,2017-02-20 10:06:00+00:00,2017-02-20 11:46:00+00:00,100,1.0,1.0,1,1,733,129,1434600,117,Economy,1873800,1220340
225,136403,PG0252,2017-02-20 10:05:00+00:00,2017-02-20 11:45:00+00:00,AAQ,SVO,Arrived,2017-02-20 10:06:00+00:00,2017-02-20 11:46:00+00:00,100,1.0,1.0,1,1,733,129,439200,12,Business,1873800,1220340
226,136397,PG0252,2016-12-25 10:05:00+00:00,2016-12-25 11:45:00+00:00,AAQ,SVO,Arrived,2016-12-25 10:06:00+00:00,2016-12-25 11:47:00+00:00,100,0.0,0.0,2,1,733,104,1188200,97,Economy,1444400,1220340
227,136397,PG0252,2016-12-25 10:05:00+00:00,2016-12-25 11:45:00+00:00,AAQ,SVO,Arrived,2016-12-25 10:06:00+00:00,2016-12-25 11:47:00+00:00,100,0.0,0.0,2,1,733,104,256200,7,Business,1444400,1220340
228,136391,PG0252,2016-12-03 10:05:00+00:00,2016-12-03 11:45:00+00:00,AAQ,SVO,Arrived,2016-12-03 10:08:00+00:00,2016-12-03 11:48:00+00:00,100,6.0,6.0,3,3,733,107,366000,10,Business,1556600,1220340
229,136391,PG0252,2016-12-03 10:05:00+00:00,2016-12-03 11:45:00+00:00,AAQ,SVO,Arrived,2016-12-03 10:08:00+00:00,2016-12-03 11:48:00+00:00,100,6.0,6.0,3,3,733,107,1190600,97,Economy,1556600,1220340
230,136390,PG0252,2016-12-26 10:05:00+00:00,2016-12-26 11:45:00+00:00,AAQ,SVO,Arrived,2016-12-26 10:06:00+00:00,2016-12-26 11:47:00+00:00,100,1.0,1.0,2,1,733,125,1384600,113,Economy,1823800,1220340
231,136390,PG0252,2016-12-26 10:05:00+00:00,2016-12-26 11:45:00+00:00,AAQ,SVO,Arrived,2016-12-26 10:06:00+00:00,2016-12-26 11:47:00+00:00,100,1.0,1.0,2,1,733,125,439200,12,Business,1823800,1220340
232,136389,PG0252,2017-01-18 10:05:00+00:00,2017-01-18 11:45:00+00:00,AAQ,SVO,Arrived,2017-01-18 10:10:00+00:00,2017-01-18 11:50:00+00:00,100,3.0,3.0,5,5,733,129,1434600,117,Economy,1873800,1220340
233,136389,PG0252,2017-01-18 10:05:00+00:00,2017-01-18 11:45:00+00:00,AAQ,SVO,Arrived,2017-01-18 10:10:00+00:00,2017-01-18 11:50:00+00:00,100,3.0,3.0,5,5,733,129,439200,12,Business,1873800,1220340
234,136387,PG0252,2017-01-19 10:05:00+00:00,2017-01-19 11:45:00+00:00,AAQ,SVO,Arrived,2017-01-19 10:08:00+00:00,2017-01-19 11:47:00+00:00,100,4.0,4.0,2,3,733,121,1335800,109,Economy,1775000,1220340
235,136387,PG0252,2017-01-19 10:05:00+00:00,2017-01-19 11:45:00+00:00,AAQ,SVO,Arrived,2017-01-19 10:08:00+00:00,2017-01-19 11:47:00+00:00,100,4.0,4.0,2,3,733,121,439200,12,Business,1775000,1220340
236,136385,PG0252,2016-12-16 10:05:00+00:00,2016-12-16 11:45:00+00:00,AAQ,SVO,Arrived,2016-12-16 10:10:00+00:00,2016-12-16 11:50:00+00:00,100,5.0,5.0,5,5,733,128,1422400,116,Economy,1861600,1220340
237,136385,PG0252,2016-12-16 10:05:00+00:00,2016-12-16 11:45:00+00:00,AAQ,SVO,Arrived,2016-12-16 10:10:00+00:00,2016-12-16 11:50:00+00:00,100,5.0,5.0,5,5,733,128,439200,12,Business,1861600,1220340
238,136383,PG0252,2017-01-25 10:05:00+00:00,2017-01-25 11:45:00+00:00,AAQ,SVO,Arrived,2017-01-25 10:09:00+00:00,2017-01-25 11:51:00+00:00,100,3.0,3.0,6,4,733,106,1200400,98,Economy,1493200,1220340
239,136383,PG0252,2017-01-25 10:05:00+00:00,2017-01-25 11:45:00+00:00,AAQ,SVO,Arrived,2017-01-25 10:09:00+00:00,2017-01-25 11:51:00+00:00,100,3.0,3.0,6,4,733,106,292800,8,Business,1493200,1220340
240,136368,PG0252,2016-12-31 10:05:00+00:00,2016-12-31 11:45:00+00:00,AAQ,SVO,Arrived,2016-12-31 10:07:00+00:00,2016-12-31 11:47:00+00:00,100,6.0,6.0,2,2,733,130,1446800,118,Economy,1886000,1220340
241,136368,PG0252,2016-12-31 10:05:00+00:00,2016-12-31 11:45:00+00:00,AAQ,SVO,Arrived,2016-12-31 10:07:00+00:00,2016-12-31 11:47:00+00:00,100,6.0,6.0,2,2,733,130,439200,12,Business,1886000,1220340
242,136366,PG0252,2017-01-11 10:05:00+00:00,2017-01-11 11:45:00+00:00,AAQ,SVO,Arrived,2017-01-11 10:08:00+00:00,2017-01-11 11:47:00+00:00,100,3.0,3.0,2,3,733,103,1124800,92,Economy,1527400,1220340
243,136366,PG0252,2017-01-11 10:05:00+00:00,2017-01-11 11:45:00+00:00,AAQ,SVO,Arrived,2017-01-11 10:08:00+00:00,2017-01-11 11:47:00+00:00,100,3.0,3.0,2,3,733,103,402600,11,Business,1527400,1220340
244,136360,PG0252,2017-02-05 10:05:00+00:00,2017-02-05 11:45:00+00:00,AAQ,SVO,Arrived,2017-02-05 10:08:00+00:00,2017-02-05 11:48:00+00:00,100,0.0,0.0,3,3,733,97,402600,11,Business,1455400,1220340
245,136360,PG0252,2017-02-05 10:05:00+00:00,2017-02-05 11:45:00+00:00,AAQ,SVO,Arrived,2017-02-05 10:08:00+00:00,2017-02-05 11:48:00+00:00,100,0.0,0.0,3,3,733,97,1052800,86,Economy,1455400,1220340
246,136352,PG0252,2016-12-10 10:05:00+00:00,2016-12-10 11:45:00+00:00,AAQ,SVO,Arrived,2016-12-10 10:10:00+00:00,2016-12-10 11:50:00+00:00,100,6.0,6.0,5,5,733,92,1006400,82,Economy,1372400,1220340
247,136352,PG0252,2016-12-10 10:05:00+00:00,2016-12-10 11:45:00+00:00,AAQ,SVO,Arrived,2016-12-10 10:10:00+00:00,2016-12-10 11:50:00+00:00,100,6.0,6.0,5,5,733,92,366000,10,Business,1372400,1220340
248,136351,PG0252,2017-02-26 10:05:00+00:00,2017-02-26 11:45:00+00:00,AAQ,SVO,Arrived,2017-02-26 10:13:00+00:00,2017-02-26 11:53:00+00:00,100,0.0,0.0,8,8,733,105,1152800,94,Economy,1555400,1220340
249,136351,PG0252,2017-02-26 10:05:00+00:00,2017-02-26 11:45:00+00:00,AAQ,SVO,Arrived,2017-02-26 10:13:00+00:00,2017-02-26 11:53:00+00:00,100,0.0,0.0,8,8,733,105,402600,11,Business,1555400,1220340
250,136348,PG0252,2017-02-10 10:05:00+00:00,2017-02-10 11:45:00+00:00,AAQ,SVO,Arrived,2017-02-10 10:05:00+00:00,2017-02-10 11:45:00+00:00,100,5.0,5.0,0,0,733,120,439200,12,Business,1762800,1220340
251,136348,PG0252,2017-02-10 10:05:00+00:00,2017-02-10 11:45:00+00:00,AAQ,SVO,Arrived,2017-02-10 10:05:00+00:00,2017-02-10 11:45:00+00:00,100,5.0,5.0,0,0,733,120,1323600,108,Economy,1762800,1220340
252,136345,PG0252,2017-01-24 10:05:00+00:00,2017-01-24 11:45:00+00:00,AAQ,SVO,Arrived,2017-01-24 13:32:00+00:00,2017-01-24 15:12:00+00:00,100,2.0,2.0,207,207,733,108,1224800,100,Economy,1517600,1220340
253,136345,PG0252,2017-01-24 10:05:00+00:00,2017-01-24 11:45:00+00:00,AAQ,SVO,Arrived,2017-01-24 13:32:00+00:00,2017-01-24 15:12:00+00:00,100,2.0,2.0,207,207,733,108,292800,8,Business,1517600,1220340
254,136338,PG0252,2016-12-19 10:05:00+00:00,2016-12-19 11:45:00+00:00,AAQ,SVO,Arrived,2016-12-19 10:06:00+00:00,2016-12-19 11:46:00+00:00,100,1.0,1.0,1,1,733,128,1422400,116,Economy,1861600,1220340
255,136338,PG0252,2016-12-19 10:05:00+00:00,2016-12-19 11:45:00+00:00,AAQ,SVO,Arrived,2016-12-19 10:06:00+00:00,2016-12-19 11:46:00+00:00,100,1.0,1.0,1,1,733,128,439200,12,Business,1861600,1220340
256,136327,PG0252,2016-12-30 10:05:00+00:00,2016-12-30 11:45:00+00:00,AAQ,SVO,Arrived,2016-12-30 10:12:00+00:00,2016-12-30 11:52:00+00:00,100,5.0,5.0,7,7,733,108,1213800,99,Economy,1543200,1220340
257,136327,PG0252,2016-12-30 10:05:00+00:00,2016-12-30 11:45:00+00:00,AAQ,SVO,Arrived,2016-12-30 10:12:00+00:00,2016-12-30 11:52:00+00:00,100,5.0,5.0,7,7,733,108,329400,9,Business,1543200,1220340
258,136324,PG0252,2016-12-05 10:05:00+00:00,2016-12-05 11:45:00+00:00,AAQ,SVO,Arrived,2016-12-05 10:09:00+00:00,2016-12-05 11:50:00+00:00,100,1.0,1.0,5,4,733,118,1337000,109,Economy,1666400,1220340
259,136324,PG0252,2016-12-05 10:05:00+00:00,2016-12-05 11:45:00+00:00,AAQ,SVO,Arrived,2016-12-05 10:09:00+00:00,2016-12-05 11:50:00+00:00,100,1.0,1.0,5,4,733,118,329400,9,Business,1666400,1220340
260,136322,PG0252,2017-02-06 10:05:00+00:00,2017-02-06 11:45:00+00:00,AAQ,SVO,Arrived,2017-02-06 10:11:00+00:00,2017-02-06 11:52:00+00:00,100,1.0,1.0,7,6,733,108,1201600,98,Economy,1567600,1220340
261,136322,PG0252,2017-02-06 10:05:00+00:00,2017-02-06 11:45:00+00:00,AAQ,SVO,Arrived,2017-02-06 10:11:00+00:00,2017-02-06 11:52:00+00:00,100,1.0,1.0,7,6,733,108,366000,10,Business,1567600,1220340
262,136320,PG0252,2017-02-19 10:05:00+00:00,2017-02-19 11:45:00+00:00,AAQ,SVO,Arrived,2017-02-19 10:05:00+00:00,2017-02-19 11:45:00+00:00,100,0.0,0.0,0,0,733,106,1178400,96,Economy,1544400,1220340
263,136320,PG0252,2017-02-19 10:05:00+00:00,2017-02-19 11:45:00+00:00,AAQ,SVO,Arrived,2017-02-19 10:05:00+00:00,2017-02-19 11:45:00+00:00,100,0.0,0.0,0,0,733,106,366000,10,Business,1544400,1220340
264,136318,PG0252,2016-12-17 10:05:00+00:00,2016-12-17 11:45:00+00:00,AAQ,SVO,Arrived,2016-12-17 10:07:00+00:00,2016-12-17 11:49:00+00:00,100,6.0,6.0,4,2,733,104,1141800,93,Economy,1544400,1220340
265,136318,PG0252,2016-12-17 10:05:00+00:00,2016-12-17 11:45:00+00:00,AAQ,SVO,Arrived,2016-12-17 10:07:00+00:00,2016-12-17 11:49:00+00:00,100,6.0,6.0,4,2,733,104,402600,11,Business,1544400,1220340
266,136316,PG0252,2017-01-12 10:05:00+00:00,2017-01-12 11:45:00+00:00,AAQ,SVO,Arrived,2017-01-12 10:07:00+00:00,2017-01-12 11:47:00+00:00,100,4.0,4.0,2,2,733,130,1446800,118,Economy,1886000,1220340
267,136316,PG0252,2017-01-12 10:05:00+00:00,2017-01-12 11:45:00+00:00,AAQ,SVO,Arrived,2017-01-12 10:07:00+00:00,2017-01-12 11:47:00+00:00,100,4.0,4.0,2,2,733,130,439200,12,Business,1886000,1220340
268,136310,PG0252,2017-01-22 10:05:00+00:00,2017-01-22 11:45:00+00:00,AAQ,SVO,Arrived,2017-01-22 10:07:00+00:00,2017-01-22 11:47:00+00:00,100,0.0,0.0,2,2,733,117,329400,9,Business,1654200,1220340
269,136310,PG0252,2017-01-22 10:05:00+00:00,2017-01-22 11:45:00+00:00,AAQ,SVO,Arrived,2017-01-22 10:07:00+00:00,2017-01-22 11:47:00+00:00,100,0.0,0.0,2,2,733,117,1324800,108,Economy,1654200,1220340
270,136306,PG0252,2016-12-04 10:05:00+00:00,2016-12-04 11:45:00+00:00,AAQ,SVO,Arrived,2016-12-04 10:10:00+00:00,2016-12-04 11:50:00+00:00,100,0.0,0.0,5,5,733,102,1150400,94,Economy,1443200,1220340
271,136306,PG0252,2016-12-04 10:05:00+00:00,2016-12-04 11:45:00+00:00,AAQ,SVO,Arrived,2016-12-04 10:10:00+00:00,2016-12-04 11:50:00+00:00,100,0.0,0.0,5,5,733,102,292800,8,Business,1443200,1220340
272,136296,PG0252,2016-12-29 10:05:00+00:00,2016-12-29 11:45:00+00:00,AAQ,SVO,Arrived,2016-12-29 10:07:00+00:00,2016-12-29 11:46:00+00:00,100,4.0,4.0,1,2,733,117,1312600,107,Economy,1678600,1220340
273,136296,PG0252,2016-12-29 10:05:00+00:00,2016-12-29 11:45:00+00:00,AAQ,SVO,Arrived,2016-12-29 10:07:00+00:00,2016-12-29 11:46:00+00:00,100,4.0,4.0,1,2,733,117,366000,10,Business,1678600,1220340
274,136293,PG0252,2017-01-23 10:05:00+00:00,2017-01-23 11:45:00+00:00,AAQ,SVO,Arrived,2017-01-23 10:09:00+00:00,2017-01-23 11:48:00+00:00,100,1.0,1.0,3,4,733,114,439200,12,Business,1689600,1220340
275,136293,PG0252,2017-01-23 10:05:00+00:00,2017-01-23 11:45:00+00:00,AAQ,SVO,Arrived,2017-01-23 10:09:00+00:00,2017-01-23 11:48:00+00:00,100,1.0,1.0,3,4,733,114,1250400,102,Economy,1689600,1220340
276,136284,PG0252,2017-02-07 10:05:00+00:00,2017-02-07 11:45:00+00:00,AAQ,SVO,Arrived,2017-02-07 10:07:00+00:00,2017-02-07 11:48:00+00:00,100,2.0,2.0,3,2,733,117,1311400,107,Economy,1677400,1220340
277,136284,PG0252,2017-02-07 10:05:00+00:00,2017-02-07 11:45:00+00:00,AAQ,SVO,Arrived,2017-02-07 10:07:00+00:00,2017-02-07 11:48:00+00:00,100,2.0,2.0,3,2,733,117,366000,10,Business,1677400,1220340
278,136282,PG0252,2017-01-16 10:05:00+00:00,2017-01-16 11:45:00+00:00,AAQ,SVO,Arrived,2017-01-16 10:07:00+00:00,2017-01-16 11:48:00+00:00,100,1.0,1.0,3,2,733,106,1189400,97,Economy,1518800,1220340
279,136282,PG0252,2017-01-16 10:05:00+00:00,2017-01-16 11:45:00+00:00,AAQ,SVO,Arrived,2017-01-16 10:07:00+00:00,2017-01-16 11:48:00+00:00,100,1.0,1.0,3,2,733,106,329400,9,Business,1518800,1220340
280,136275,PG0252,2017-01-13 10:05:00+00:00,2017-01-13 11:45:00+00:00,AAQ,SVO,Arrived,2017-01-13 10:08:00+00:00,2017-01-13 11:46:00+00:00,100,5.0,5.0,1,3,733,125,1385800,113,Economy,1825000,1220340
281,136275,PG0252,2017-01-13 10:05:00+00:00,2017-01-13 11:45:00+00:00,AAQ,SVO,Arrived,2017-01-13 10:08:00+00:00,2017-01-13 11:46:00+00:00,100,5.0,5.0,1,3,733,125,439200,12,Business,1825000,1220340
282,136273,PG0252,2016-12-09 10:05:00+00:00,2016-12-09 11:45:00+00:00,AAQ,SVO,Arrived,2016-12-09 10:06:00+00:00,2016-12-09 11:45:00+00:00,100,5.0,5.0,0,1,733,129,1434600,117,Economy,1873800,1220340
283,136273,PG0252,2016-12-09 10:05:00+00:00,2016-12-09 11:45:00+00:00,AAQ,SVO,Arrived,2016-12-09 10:06:00+00:00,2016-12-09 11:45:00+00:00,100,5.0,5.0,0,1,733,129,439200,12,Business,1873800,1220340
284,136270,PG0252,2017-02-12 10:05:00+00:00,2017-02-12 11:45:00+00:00,AAQ,SVO,Arrived,2017-02-12 10:12:00+00:00,2017-02-12 11:51:00+00:00,100,0.0,0.0,6,7,733,111,1226000,100,Economy,1628600,1220340
285,136270,PG0252,2017-02-12 10:05:00+00:00,2017-02-12 11:45:00+00:00,AAQ,SVO,Arrived,2017-02-12 10:12:00+00:00,2017-02-12 11:51:00+00:00,100,0.0,0.0,6,7,733,111,402600,11,Business,1628600,1220340
286,136269,PG0252,2017-02-11 10:05:00+00:00,2017-02-11 11:45:00+00:00,AAQ,SVO,Arrived,2017-02-11 10:13:00+00:00,2017-02-11 11:53:00+00:00,100,6.0,6.0,8,8,733,109,1202800,98,Economy,1605400,1220340
287,136269,PG0252,2017-02-11 10:05:00+00:00,2017-02-11 11:45:00+00:00,AAQ,SVO,Arrived,2017-02-11 10:13:00+00:00,2017-02-11 11:53:00+00:00,100,6.0,6.0,8,8,733,109,402600,11,Business,1605400,1220340
288,136268,PG0252,2017-02-16 10:05:00+00:00,2017-02-16 11:45:00+00:00,AAQ,SVO,Arrived,2017-02-16 10:08:00+00:00,2017-02-16 11:49:00+00:00,100,4.0,4.0,4,3,733,115,1273600,104,Economy,1676200,1220340
289,136268,PG0252,2017-02-16 10:05:00+00:00,2017-02-16 11:45:00+00:00,AAQ,SVO,Arrived,2017-02-16 10:08:00+00:00,2017-02-16 11:49:00+00:00,100,4.0,4.0,4,3,733,115,402600,11,Business,1676200,1220340
290,136266,PG0252,2017-02-27 10:05:00+00:00,2017-02-27 11:45:00+00:00,AAQ,SVO,Arrived,2017-02-27 10:08:00+00:00,2017-02-27 11:48:00+00:00,100,1.0,1.0,3,3,733,108,366000,10,Business,1566400,1220340
291,136266,PG0252,2017-02-27 10:05:00+00:00,2017-02-27 11:45:00+00:00,AAQ,SVO,Arrived,2017-02-27 10:08:00+00:00,2017-02-27 11:48:00+00:00,100,1.0,1.0,3,3,733,108,1200400,98,Economy,1566400,1220340
292,136264,PG0252,2017-02-18 10:05:00+00:00,2017-02-18 11:45:00+00:00,AAQ,SVO,Arrived,2017-02-18 10:07:00+00:00,2017-02-18 11:47:00+00:00,100,6.0,6.0,2,2,733,116,1288200,105,Economy,1690800,1220340
293,136264,PG0252,2017-02-18 10:05:00+00:00,2017-02-18 11:45:00+00:00,AAQ,SVO,Arrived,2017-02-18 10:07:00+00:00,2017-02-18 11:47:00+00:00,100,6.0,6.0,2,2,733,116,402600,11,Business,1690800,1220340
294,136262,PG0252,2016-12-28 10:05:00+00:00,2016-12-28 11:45:00+00:00,AAQ,SVO,Arrived,2016-12-28 10:10:00+00:00,2016-12-28 11:49:00+00:00,100,3.0,3.0,4,5,733,128,1422400,116,Economy,1861600,1220340
295,136262,PG0252,2016-12-28 10:05:00+00:00,2016-12-28 11:45:00+00:00,AAQ,SVO,Arrived,2016-12-28 10:10:00+00:00,2016-12-28 11:49:00+00:00,100,3.0,3.0,4,5,733,128,439200,12,Business,1861600,1220340
296,136257,PG0252,2016-12-18 10:05:00+00:00,2016-12-18 11:45:00+00:00,AAQ,SVO,Arrived,2016-12-18 10:09:00+00:00,2016-12-18 11:49:00+00:00,100,0.0,0.0,4,4,733,111,402600,11,Business,1628600,1220340
297,136257,PG0252,2016-12-18 10:05:00+00:00,2016-12-18 11:45:00+00:00,AAQ,SVO,Arrived,2016-12-18 10:09:00+00:00,2016-12-18 11:49:00+00:00,100,0.0,0.0,4,4,733,111,1226000,100,Economy,1628600,1220340
298,136253,PG0252,2016-12-24 10:05:00+00:00,2016-12-24 11:45:00+00:00,AAQ,SVO,Arrived,2016-12-24 10:08:00+00:00,2016-12-24 11:46:00+00:00,100,6.0,6.0,1,3,733,93,1005200,82,Economy,1407800,1220340
299,136253,PG0252,2016-12-24 10:05:00+00:00,2016-12-24 11:45:00+00:00,AAQ,SVO,Arrived,2016-12-24 10:08:00+00:00,2016-12-24 11:46:00+00:00,100,6.0,6.0,1,3,733,93,402600,11,Business,1407800,1220340
300,136252,PG0252,2016-12-20 10:05:00+00:00,2016-12-20 11:45:00+00:00,AAQ,SVO,Arrived,2016-12-20 10:05:00+00:00,2016-12-20 11:46:00+00:00,100,2.0,2.0,1,0,733,102,1115000,91,Economy,1517600,1220340
301,136252,PG0252,2016-12-20 10:05:00+00:00,2016-12-20 11:45:00+00:00,AAQ,SVO,Arrived,2016-12-20 10:05:00+00:00,2016-12-20 11:46:00+00:00,100,2.0,2.0,1,0,733,102,402600,11,Business,1517600,1220340
302,136250,PG0252,2017-02-08 10:05:00+00:00,2017-02-08 11:45:00+00:00,AAQ,SVO,Arrived,2017-02-08 10:06:00+00:00,2017-02-08 11:47:00+00:00,100,3.0,3.0,2,1,733,99,1115000,91,Economy,1407800,1220340
303,136250,PG0252,2017-02-08 10:05:00+00:00,2017-02-08 11:45:00+00:00,AAQ,SVO,Arrived,2017-02-08 10:06:00+00:00,2017-02-08 11:47:00+00:00,100,3.0,3.0,2,1,733,99,292800,8,Business,1407800,1220340
304,136249,PG0252,2017-02-14 10:05:00+00:00,2017-02-14 11:45:00+00:00,AAQ,SVO,Arrived,2017-02-14 10:08:00+00:00,2017-02-14 11:46:00+00:00,100,2.0,2.0,1,3,733,123,1361400,111,Economy,1800600,1220340
305,136249,PG0252,2017-02-14 10:05:00+00:00,2017-02-14 11:45:00+00:00,AAQ,SVO,Arrived,2017-02-14 10:08:00+00:00,2017-02-14 11:46:00+00:00,100,2.0,2.0,1,3,733,123,439200,12,Business,1800600,1220340
306,136244,PG0252,2016-12-22 10:05:00+00:00,2016-12-22 11:45:00+00:00,AAQ,SVO,Arrived,2016-12-22 10:08:00+00:00,2016-12-22 11:47:00+00:00,100,4.0,4.0,2,3,733,117,1300400,106,Economy,1703000,1220340
307,136244,PG0252,2016-12-22 10:05:00+00:00,2016-12-22 11:45:00+00:00,AAQ,SVO,Arrived,2016-12-22 10:08:00+00:00,2016-12-22 11:47:00+00:00,100,4.0,4.0,2,3,733,117,402600,11,Business,1703000,1220340
308,136226,PG0252,2017-01-30 10:05:00+00:00,2017-01-30 11:45:00+00:00,AAQ,SVO,Arrived,2017-01-30 10:08:00+00:00,2017-01-30 11:48:00+00:00,100,1.0,1.0,3,3,733,130,1446800,118,Economy,1886000,1220340
309,136226,PG0252,2017-01-30 10:05:00+00:00,2017-01-30 11:45:00+00:00,AAQ,SVO,Arrived,2017-01-30 10:08:00+00:00,2017-01-30 11:48:00+00:00,100,1.0,1.0,3,3,733,130,439200,12,Business,1886000,1220340
310,136223,PG0252,2016-12-13 10:05:00+00:00,2016-12-13 11:45:00+00:00,AAQ,SVO,Arrived,2016-12-13 10:06:00+00:00,2016-12-13 11:47:00+00:00,100,2.0,2.0,2,1,733,121,1349200,110,Economy,1751800,1220340
311,136223,PG0252,2016-12-13 10:05:00+00:00,2016-12-13 11:45:00+00:00,AAQ,SVO,Arrived,2016-12-13 10:06:00+00:00,2016-12-13 11:47:00+00:00,100,2.0,2.0,2,1,733,121,402600,11,Business,1751800,1220340
312,136215,PG0252,2017-02-28 10:05:00+00:00,2017-02-28 11:45:00+00:00,AAQ,SVO,Arrived,2017-02-28 10:09:00+00:00,2017-02-28 11:49:00+00:00,100,2.0,2.0,4,4,733,114,1261400,103,Economy,1664000,1220340
313,136215,PG0252,2017-02-28 10:05:00+00:00,2017-02-28 11:45:00+00:00,AAQ,SVO,Arrived,2017-02-28 10:09:00+00:00,2017-02-28 11:49:00+00:00,100,2.0,2.0,4,4,733,114,402600,11,Business,1664000,1220340
314,136210,PG0252,2016-12-21 10:05:00+00:00,2016-12-21 11:45:00+00:00,AAQ,SVO,Arrived,2016-12-21 10:08:00+00:00,2016-12-21 11:48:00+00:00,100,3.0,3.0,3,3,733,118,1309000,107,Economy,1711600,1220340
315,136210,PG0252,2016-12-21 10:05:00+00:00,2016-12-21 11:45:00+00:00,AAQ,SVO,Arrived,2016-12-21 10:08:00+00:00,2016-12-21 11:48:00+00:00,100,3.0,3.0,3,3,733,118,402600,11,Business,1711600,1220340
316,136209,PG0252,2017-01-06 10:05:00+00:00,2017-01-06 11:45:00+00:00,AAQ,SVO,Arrived,2017-01-06 10:09:00+00:00,2017-01-06 11:49:00+00:00,100,5.0,5.0,4,4,733,112,1249200,102,Economy,1615200,1220340
317,136209,PG0252,2017-01-06 10:05:00+00:00,2017-01-06 11:45:00+00:00,AAQ,SVO,Arrived,2017-01-06 10:09:00+00:00,2017-01-06 11:49:00+00:00,100,5.0,5.0,4,4,733,112,366000,10,Business,1615200,1220340
318,136207,PG0252,2016-12-27 10:05:00+00:00,2016-12-27 11:45:00+00:00,AAQ,SVO,Arrived,2016-12-27 10:07:00+00:00,2016-12-27 11:48:00+00:00,100,2.0,2.0,3,2,733,110,1238200,101,Economy,1567600,1220340
319,136207,PG0252,2016-12-27 10:05:00+00:00,2016-12-27 11:45:00+00:00,AAQ,SVO,Arrived,2016-12-27 10:07:00+00:00,2016-12-27 11:48:00+00:00,100,2.0,2.0,3,2,733,110,329400,9,Business,1567600,1220340
320,136204,PG0252,2017-02-23 10:05:00+00:00,2017-02-23 11:45:00+00:00,AAQ,SVO,Arrived,2017-02-23 10:06:00+00:00,2017-02-23 11:46:00+00:00,100,4.0,4.0,1,1,733,107,219600,6,Business,1457800,1220340
321,136204,PG0252,2017-02-23 10:05:00+00:00,2017-02-23 11:45:00+00:00,AAQ,SVO,Arrived,2017-02-23 10:06:00+00:00,2017-02-23 11:46:00+00:00,100,4.0,4.0,1,1,733,107,1238200,101,Economy,1457800,1220340
322,136202,PG0252,2017-01-05 10:05:00+00:00,2017-01-05 11:45:00+00:00,AAQ,SVO,Arrived,2017-01-05 10:07:00+00:00,2017-01-05 11:49:00+00:00,100,4.0,4.0,4,2,733,100,1093000,89,Economy,1495600,1220340
323,136202,PG0252,2017-01-05 10:05:00+00:00,2017-01-05 11:45:00+00:00,AAQ,SVO,Arrived,2017-01-05 10:07:00+00:00,2017-01-05 11:49:00+00:00,100,4.0,4.0,4,2,733,100,402600,11,Business,1495600,1220340
324,136187,PG0252,2016-12-01 10:05:00+00:00,2016-12-01 11:45:00+00:00,AAQ,SVO,Arrived,2016-12-01 10:09:00+00:00,2016-12-01 11:49:00+00:00,100,4.0,4.0,4,4,733,129,1434600,117,Economy,1873800,1220340
325,136187,PG0252,2016-12-01 10:05:00+00:00,2016-12-01 11:45:00+00:00,AAQ,SVO,Arrived,2016-12-01 10:09:00+00:00,2016-12-01 11:49:00+00:00,100,4.0,4.0,4,4,733,129,439200,12,Business,1873800,1220340
326,136185,PG0252,2017-01-14 10:05:00+00:00,2017-01-14 11:45:00+00:00,AAQ,SVO,Arrived,2017-01-14 10:06:00+00:00,2017-01-14 11:49:00+00:00,100,6.0,6.0,4,1,733,104,1154000,94,Economy,1520000,1220340
327,136185,PG0252,2017-01-14 10:05:00+00:00,2017-01-14 11:45:00+00:00,AAQ,SVO,Arrived,2017-01-14 10:06:00+00:00,2017-01-14 11:49:00+00:00,100,6.0,6.0,4,1,733,104,366000,10,Business,1520000,1220340
328,136181,PG0252,2017-01-31 10:05:00+00:00,2017-01-31 11:45:00+00:00,AAQ,SVO,Arrived,2017-01-31 10:05:00+00:00,2017-01-31 11:44:00+00:00,100,2.0,2.0,-1,0,733,118,1323600,108,Economy,1689600,1220340
329,136181,PG0252,2017-01-31 10:05:00+00:00,2017-01-31 11:45:00+00:00,AAQ,SVO,Arrived,2017-01-31 10:05:00+00:00,2017-01-31 11:44:00+00:00,100,2.0,2.0,-1,0,733,118,366000,10,Business,1689600,1220340
330,136178,PG0252,2017-01-29 10:05:00+00:00,2017-01-29 11:45:00+00:00,AAQ,SVO,Arrived,2017-01-29 10:10:00+00:00,2017-01-29 11:49:00+00:00,100,0.0,0.0,4,5,733,99,1105200,90,Economy,1434600,1220340
331,136178,PG0252,2017-01-29 10:05:00+00:00,2017-01-29 11:45:00+00:00,AAQ,SVO,Arrived,2017-01-29 10:10:00+00:00,2017-01-29 11:49:00+00:00,100,0.0,0.0,4,5,733,99,329400,9,Business,1434600,1220340
332,136172,PG0252,2017-01-15 10:05:00+00:00,2017-01-15 11:45:00+00:00,AAQ,SVO,Arrived,2017-01-15 10:05:00+00:00,2017-01-15 11:44:00+00:00,100,0.0,0.0,-1,0,733,110,1215000,99,Economy,1617600,1220340
333,136172,PG0252,2017-01-15 10:05:00+00:00,2017-01-15 11:45:00+00:00,AAQ,SVO,Arrived,2017-01-15 10:05:00+00:00,2017-01-15 11:44:00+00:00,100,0.0,0.0,-1,0,733,110,402600,11,Business,1617600,1220340
334,136165,PG0252,2017-02-22 10:05:00+00:00,2017-02-22 11:45:00+00:00,AAQ,SVO,Arrived,2017-02-22 10:11:00+00:00,2017-02-22 11:52:00+00:00,100,3.0,3.0,7,6,733,110,1238200,101,Economy,1567600,1220340
335,136165,PG0252,2017-02-22 10:05:00+00:00,2017-02-22 11:45:00+00:00,AAQ,SVO,Arrived,2017-02-22 10:11:00+00:00,2017-02-22 11:52:00+00:00,100,3.0,3.0,7,6,733,110,329400,9,Business,1567600,1220340
336,136164,PG0252,2017-01-07 10:05:00+00:00,2017-01-07 11:45:00+00:00,AAQ,SVO,Arrived,2017-01-07 10:07:00+00:00,2017-01-07 11:46:00+00:00,100,6.0,6.0,1,2,733,120,402600,11,Business,1738400,1220340
337,136164,PG0252,2017-01-07 10:05:00+00:00,2017-01-07 11:45:00+00:00,AAQ,SVO,Arrived,2017-01-07 10:07:00+00:00,2017-01-07 11:46:00+00:00,100,6.0,6.0,1,2,733,120,1335800,109,Economy,1738400,1220340
338,136159,PG0252,2017-01-04 10:05:00+00:00,2017-01-04 11:45:00+00:00,AAQ,SVO,Arrived,2017-01-04 10:07:00+00:00,2017-01-04 11:45:00+00:00,100,3.0,3.0,0,2,733,115,1261400,103,Economy,1700600,1220340
339,136159,PG0252,2017-01-04 10:05:00+00:00,2017-01-04 11:45:00+00:00,AAQ,SVO,Arrived,2017-01-04 10:07:00+00:00,2017-01-04 11:45:00+00:00,100,3.0,3.0,0,2,733,115,439200,12,Business,1700600,1220340
340,136146,PG0252,2017-02-09 10:05:00+00:00,2017-02-09 11:45:00+00:00,AAQ,SVO,Arrived,2017-02-09 10:08:00+00:00,2017-02-09 11:48:00+00:00,100,4.0,4.0,3,3,733,109,1201600,98,Economy,1604200,1220340
341,136146,PG0252,2017-02-09 10:05:00+00:00,2017-02-09 11:45:00+00:00,AAQ,SVO,Arrived,2017-02-09 10:08:00+00:00,2017-02-09 11:48:00+00:00,100,4.0,4.0,3,3,733,109,402600,11,Business,1604200,1220340
342,136143,PG0252,2016-12-14 10:05:00+00:00,2016-12-14 11:45:00+00:00,AAQ,SVO,Arrived,2016-12-14 10:06:00+00:00,2016-12-14 11:46:00+00:00,100,3.0,3.0,1,1,733,105,402600,11,Business,1554200,1220340
343,136143,PG0252,2016-12-14 10:05:00+00:00,2016-12-14 11:45:00+00:00,AAQ,SVO,Arrived,2016-12-14 10:06:00+00:00,2016-12-14 11:46:00+00:00,100,3.0,3.0,1,1,733,105,1151600,94,Economy,1554200,1220340
344,136141,PG0252,2016-12-12 10:05:00+00:00,2016-12-12 11:45:00+00:00,AAQ,SVO,Arrived,2016-12-12 10:08:00+00:00,2016-12-12 11:50:00+00:00,100,1.0,1.0,5,3,733,109,1200400,98,Economy,1603000,1220340
345,136141,PG0252,2016-12-12 10:05:00+00:00,2016-12-12 11:45:00+00:00,AAQ,SVO,Arrived,2016-12-12 10:08:00+00:00,2016-12-12 11:50:00+00:00,100,1.0,1.0,5,3,733,109,402600,11,Business,1603000,1220340
346,136135,PG0252,2017-02-01 10:05:00+00:00,2017-02-01 11:45:00+00:00,AAQ,SVO,Arrived,2017-02-01 10:08:00+00:00,2017-02-01 11:48:00+00:00,100,3.0,3.0,3,3,733,115,1276000,104,Economy,1678600,1220340
347,136135,PG0252,2017-02-01 10:05:00+00:00,2017-02-01 11:45:00+00:00,AAQ,SVO,Arrived,2017-02-01 10:08:00+00:00,2017-02-01 11:48:00+00:00,100,3.0,3.0,3,3,733,115,402600,11,Business,1678600,1220340
348,136132,PG0252,2017-02-15 10:05:00+00:00,2017-02-15 11:45:00+00:00,AAQ,SVO,Arrived,2017-02-15 10:09:00+00:00,2017-02-15 11:48:00+00:00,100,3.0,3.0,3,4,733,116,1274800,104,Economy,1714000,1220340
349,136132,PG0252,2017-02-15 10:05:00+00:00,2017-02-15 11:45:00+00:00,AAQ,SVO,Arrived,2017-02-15 10:09:00+00:00,2017-02-15 11:48:00+00:00,100,3.0,3.0,3,4,733,116,439200,12,Business,1714000,1220340
350,136131,PG0252,2017-01-28 10:05:00+00:00,2017-01-28 11:45:00+00:00,AAQ,SVO,Arrived,2017-01-28 10:07:00+00:00,2017-01-28 11:46:00+00:00,100,6.0,6.0,1,2,733,124,1373600,112,Economy,1812800,1220340
351,136131,PG0252,2017-01-28 10:05:00+00:00,2017-01-28 11:45:00+00:00,AAQ,SVO,Arrived,2017-01-28 10:07:00+00:00,2017-01-28 11:46:00+00:00,100,6.0,6.0,1,2,733,124,439200,12,Business,1812800,1220340
352,136130,PG0252,2017-02-13 10:05:00+00:00,2017-02-13 11:45:00+00:00,AAQ,SVO,Arrived,2017-02-13 10:07:00+00:00,2017-02-13 11:46:00+00:00,100,1.0,1.0,1,2,733,107,1190600,97,Economy,1556600,1220340
353,136130,PG0252,2017-02-13 10:05:00+00:00,2017-02-13 11:45:00+00:00,AAQ,SVO,Arrived,2017-02-13 10:07:00+00:00,2017-02-13 11:46:00+00:00,100,1.0,1.0,1,2,733,107,366000,10,Business,1556600,1220340
354,136122,PG0252,2017-01-08 10:05:00+00:00,2017-01-08 11:45:00+00:00,AAQ,SVO,Arrived,2017-01-08 10:08:00+00:00,2017-01-08 11:48:00+00:00,100,0.0,0.0,3,3,733,97,1065000,87,Economy,1431000,1220340
355,136122,PG0252,2017-01-08 10:05:00+00:00,2017-01-08 11:45:00+00:00,AAQ,SVO,Arrived,2017-01-08 10:08:00+00:00,2017-01-08 11:48:00+00:00,100,0.0,0.0,3,3,733,97,366000,10,Business,1431000,1220340
356,136120,PG0252,2017-02-24 10:05:00+00:00,2017-02-24 11:45:00+00:00,AAQ,SVO,Arrived,2017-02-24 10:07:00+00:00,2017-02-24 11:46:00+00:00,100,5.0,5.0,1,2,733,109,1202800,98,Economy,1605400,1220340
357,136120,PG0252,2017-02-24 10:05:00+00:00,2017-02-24 11:45:00+00:00,AAQ,SVO,Arrived,2017-02-24 10:07:00+00:00,2017-02-24 11:46:00+00:00,100,5.0,5.0,1,2,733,109,402600,11,Business,1605400,1220340
358,136119,PG0252,2017-01-03 10:05:00+00:00,2017-01-03 11:45:00+00:00,AAQ,SVO,Arrived,2017-01-03 10:08:00+00:00,2017-01-03 11:49:00+00:00,100,2.0,2.0,4,3,733,113,402600,11,Business,1653000,1220340
359,136119,PG0252,2017-01-03 10:05:00+00:00,2017-01-03 11:45:00+00:00,AAQ,SVO,Arrived,2017-01-03 10:08:00+00:00,2017-01-03 11:49:00+00:00,100,2.0,2.0,4,3,733,113,1250400,102,Economy,1653000,1220340
